ID,User ID,Description,Catégorie,Payant,Date,Conseiller
1,90,Entrer promettre demande caractère partout printemps.,Démarche administrative,Non,25/07/2024,Idao
2,198,Âgé libre léger droite demande nécessaire comprendre.,Démarche administrative,Oui,16/08/2023,Idao
3,209,Pauvre impossible exiger prononcer.,Démarche administrative,Non,26/04/2023,Idao
4,182,Avis âge flamme paix couche trésor.,Atelier numérique,Oui,21/07/2024,Idao
5,40,Davantage répondre trait moitié quart plaire poitrine succès.,Démarche administrative,Oui,08/03/2023,Idao
6,101,Effacer réalité apparaître signifier inquiétude quitter souvenir.,Atelier numérique,Oui,21/05/2024,Idao
7,245,Suivre très drame maison dieu.,Atelier numérique,Oui,05/01/2024,Idao
8,44,Pensée jouer fenêtre droite guerre car rencontrer as.,Atelier numérique,Oui,24/06/2023,Idao
9,208,Prière parole preuve occasion compte monde.,Atelier numérique,Non,18/04/2024,Idao
10,163,Auquel gauche éprouver terme.,Démarche administrative,Non,04/10/2023,Idao
11,51,Accomplir ce conseil route compter.,Démarche administrative,Oui,07/04/2024,Idao
12,235,Réponse plaire appuyer famille danser répandre.,Atelier numérique,Non,23/05/2023,Idao
13,55,Midi jamais fruit inquiéter affirmer tel.,Démarche administrative,Non,17/10/2023,Idao
14,199,Position transformer fatigue durer.,Atelier numérique,Non,24/05/2023,Idao
15,223,Là chaîne suite circonstance ensemble.,Atelier numérique,Non,01/08/2024,Idao
16,198,Croire moyen horizon satisfaire.,Atelier numérique,Oui,05/10/2023,Idao
17,129,Moins déjà courage devoir brûler renverser nation.,Atelier numérique,Non,11/11/2023,Idao
18,40,Sonner rose ton en.,Démarche administrative,Oui,31/01/2023,Idao
19,158,Tout banc espèce fixe.,Démarche administrative,Oui,01/05/2023,Idao
20,114,Parce Que train plaire pendre rapporter.,Atelier numérique,Non,04/05/2023,Idao
21,77,Magnifique semblable chacun inspirer.,Démarche administrative,Oui,17/02/2023,Idao
22,147,Marché ami lune pour.,Atelier numérique,Oui,23/11/2022,Idao
23,68,Pareil poésie quelque avoir eaux vers rester or.,Démarche administrative,Oui,24/07/2024,Idao
24,92,Avant un si importance.,Atelier numérique,Oui,06/10/2024,Idao
25,223,Causer ramasser aspect oui partir.,Démarche administrative,Oui,15/11/2022,Idao
26,225,Longtemps appeler avoir journée satisfaire.,Atelier numérique,Non,16/06/2023,Idao
27,87,Porte poids sentier montrer aide etc.,Démarche administrative,Non,22/05/2023,Idao
28,32,Nu particulier venir assez.,Démarche administrative,Non,16/04/2024,Idao
29,148,Poussière main jamais.,Atelier numérique,Oui,18/04/2024,Idao
30,29,Sommeil souhaiter agiter relever.,Atelier numérique,Oui,17/08/2023,Idao
31,222,Midi construire chambre approcher deviner beaux.,Démarche administrative,Non,15/08/2023,Idao
32,205,Voici deviner plaindre tandis que rien matière trente.,Démarche administrative,Oui,22/07/2024,Idao
33,239,Céder succès promener fois accord projet ensuite.,Démarche administrative,Oui,08/07/2024,Idao
34,92,Pendant trait hasard durant arrivée.,Démarche administrative,Non,09/04/2023,Idao
35,137,En énorme signer grâce demande possible.,Atelier numérique,Oui,26/10/2023,Idao
36,130,Voler objet tenir acheter aujourd'hui général douleur.,Atelier numérique,Non,18/05/2023,Idao
37,56,Dehors écouter sept vieil convenir.,Atelier numérique,Oui,11/12/2022,Idao
38,60,Admettre respect joindre avant queue vol.,Démarche administrative,Oui,16/08/2023,Idao
39,142,Emmener humide présence tempête.,Atelier numérique,Non,14/02/2023,Idao
40,144,Porte couche sonner habitant fine en.,Atelier numérique,Non,18/07/2024,Idao
41,221,Chaud droit planche cher puis traiter absolu sens.,Démarche administrative,Oui,07/07/2024,Idao
42,120,Inviter relation par conclure.,Démarche administrative,Oui,20/07/2023,Idao
43,223,Bonheur faire mémoire docteur permettre quelque appartenir assurer.,Démarche administrative,Non,03/08/2024,Idao
44,176,Fil espèce escalier disposer curiosité le revoir.,Démarche administrative,Oui,26/08/2024,Idao
45,50,Obtenir mon résistance rire public.,Atelier numérique,Non,05/05/2023,Idao
46,183,Annoncer mariage au auquel.,Atelier numérique,Oui,05/03/2024,Idao
47,26,Passer croire souffrir avis mille.,Démarche administrative,Oui,04/05/2024,Idao
48,161,Leur découvrir beau même.,Démarche administrative,Oui,07/01/2024,Idao
49,216,Bataille pas chaque rocher douter entre pitié souffrance.,Démarche administrative,Non,12/12/2023,Idao
50,236,Poitrine règle dangereux obtenir.,Atelier numérique,Oui,26/05/2024,Idao
51,8,Large abandonner ciel fine.,Atelier numérique,Non,05/11/2023,Idao
52,52,Voyager seuil réserver haute tout extraordinaire absolument immobile.,Démarche administrative,Non,17/09/2023,Idao
53,36,Compter faux rire.,Démarche administrative,Non,04/01/2024,Idao
54,223,Calmer long nouveau.,Atelier numérique,Oui,01/04/2023,Idao
55,177,Céder fixer second essayer.,Démarche administrative,Non,26/04/2023,Idao
56,95,Bien nous relation âgé.,Atelier numérique,Oui,29/12/2022,Idao
57,189,Problème expression défaut politique hôtel extraordinaire tenter.,Démarche administrative,Non,10/10/2024,Idao
58,45,Faible rire chef rang diriger frapper joie bureau.,Atelier numérique,Non,07/02/2024,Idao
59,216,Retour ouvrage un souvenir dangereux oser perdre.,Démarche administrative,Oui,10/03/2023,Idao
60,29,Aller montagne tête.,Démarche administrative,Non,08/11/2023,Idao
61,91,Détacher sauver pourtant tâche compagnon secrétaire.,Atelier numérique,Non,28/12/2022,Idao
62,154,Or nu éviter dehors dernier.,Atelier numérique,Oui,14/03/2024,Idao
63,113,Sûr violence trente somme.,Atelier numérique,Oui,31/05/2024,Idao
64,165,Fin croire ramasser quant à coup vous caractère mais.,Atelier numérique,Non,12/09/2024,Idao
65,227,Quand garde intention éteindre.,Démarche administrative,Oui,21/11/2023,Idao
66,236,Près immobile vendre homme pleurer gloire.,Atelier numérique,Non,08/03/2023,Idao
67,99,Glisser liberté cesser chasse pierre environ.,Démarche administrative,Oui,14/09/2024,Idao
68,167,As qui charge coûter reste plutôt tôt.,Démarche administrative,Oui,08/09/2023,Idao
69,93,Rêve ennemi compagnon million quatre dire causer.,Démarche administrative,Non,19/11/2022,Idao
70,208,Fusil ou réveiller inviter tel tâche pleurer.,Démarche administrative,Non,06/11/2023,Idao
71,148,Très plusieurs saluer principe espérer.,Démarche administrative,Oui,23/12/2022,Idao
72,123,Comment derrière âge puisque troubler interroger rompre.,Démarche administrative,Non,13/08/2024,Idao
73,211,Fort système social travailler.,Démarche administrative,Non,21/02/2024,Idao
74,100,Fine ton que mener étendue chef sac colère.,Atelier numérique,Oui,03/01/2024,Idao
75,59,Question pain consulter abattre membre trop dès fin.,Atelier numérique,Oui,06/03/2023,Idao
76,79,Inventer santé pourtant vision entraîner.,Atelier numérique,Non,24/08/2023,Idao
77,216,Baisser manger voix fenêtre.,Atelier numérique,Oui,20/06/2024,Idao
78,42,Amour le quel mari écrire profondément digne déjà.,Atelier numérique,Non,27/04/2023,Idao
79,34,Escalier regard pauvre rester cheval lèvre.,Démarche administrative,Oui,07/07/2024,Idao
80,112,Bas ramasser ah ton absolument françois.,Démarche administrative,Oui,13/12/2022,Idao
81,242,Docteur approcher me curieux masse.,Atelier numérique,Non,27/09/2024,Idao
82,95,Charge falloir creuser réussir question.,Atelier numérique,Oui,28/11/2023,Idao
83,101,Garde personne achever résoudre.,Démarche administrative,Non,15/04/2024,Idao
84,37,Fatiguer tromper sentir discussion.,Démarche administrative,Oui,15/12/2023,Idao
85,9,Paix voici vision fumer doucement dehors.,Démarche administrative,Oui,11/12/2022,Idao
86,101,Jamais nez exposer anglais lier service attention.,Démarche administrative,Non,04/03/2023,Idao
87,171,Violent que surtout esprit impression voisin jusque.,Atelier numérique,Non,04/07/2024,Idao
88,231,Voir public bas travailler creuser.,Atelier numérique,Oui,24/06/2024,Idao
89,119,Succès jeter sérieux dix.,Démarche administrative,Oui,30/04/2024,Idao
90,218,Étrange enlever honneur larme tracer.,Démarche administrative,Non,10/08/2024,Idao
91,140,Couler printemps causer lien entrer profond.,Atelier numérique,Non,22/07/2023,Idao
92,8,Figure étonner foi baisser danser inventer présence.,Démarche administrative,Oui,05/03/2024,Idao
93,126,Blond ton attendre société voyager au fait accuser.,Atelier numérique,Non,05/09/2024,Idao
94,155,D'Abord briser animal départ croix.,Démarche administrative,Oui,06/09/2024,Idao
95,98,Jaune chemise plein horizon.,Atelier numérique,Non,23/03/2024,Idao
96,214,Compter même commander reposer foule malheur.,Atelier numérique,Non,22/04/2024,Idao
97,115,Figure toute sec signifier état.,Démarche administrative,Oui,03/03/2024,Idao
98,112,Entier fois éclat marchand éclairer.,Démarche administrative,Oui,19/05/2024,Idao
99,241,Jaune calmer nouveau cent.,Atelier numérique,Oui,05/09/2023,Idao
100,70,Croiser satisfaire foule chien tout fil.,Démarche administrative,Oui,15/02/2024,Idao
101,121,Avoir qualité si finir lire.,Atelier numérique,Oui,15/05/2024,Idao
102,202,Connaître tendre exécuter montrer sentir.,Atelier numérique,Oui,07/12/2022,Idao
103,126,Deux obtenir brusquement fil.,Atelier numérique,Oui,26/12/2022,Idao
104,220,Chaque professeur enlever.,Démarche administrative,Oui,10/02/2024,Idao
105,51,Soi voyage observer goût.,Atelier numérique,Non,30/06/2023,Idao
106,80,Remettre représenter genou curieux.,Atelier numérique,Non,17/10/2022,Idao
107,249,Air obtenir tracer ligne.,Démarche administrative,Non,27/06/2024,Idao
108,10,Trois acheter président.,Atelier numérique,Oui,24/07/2023,Idao
109,122,Toucher fleur mouvement marquer dimanche compter rouge.,Atelier numérique,Oui,01/04/2023,Idao
110,250,Regard joindre écarter rompre sujet rouler.,Démarche administrative,Non,15/06/2023,Idao
111,149,Détacher arrière propre bras.,Démarche administrative,Oui,02/03/2024,Idao
112,74,Dépasser sourire battre achever.,Démarche administrative,Non,09/03/2024,Idao
113,59,Larme serrer réduire nord honneur.,Démarche administrative,Non,17/08/2023,Idao
114,247,Changement pendre ton mode accomplir mer résister.,Démarche administrative,Non,17/04/2023,Idao
115,192,Raconter gloire prison après libre boire.,Atelier numérique,Oui,12/11/2023,Idao
116,70,Musique prince éternel événement descendre rond.,Atelier numérique,Oui,09/05/2024,Idao
117,226,Nation traîner savoir point vague.,Atelier numérique,Non,11/08/2024,Idao
118,247,Savoir île main.,Atelier numérique,Oui,07/10/2024,Idao
119,66,Chaleur noir hasard dépasser réclamer.,Atelier numérique,Oui,31/03/2023,Idao
120,173,Vous seconde reconnaître agent voilà.,Démarche administrative,Oui,28/07/2024,Idao
121,56,Fer creuser exposer mieux crise.,Démarche administrative,Non,16/10/2023,Idao
122,113,Commander chat baisser on prétendre auteur.,Démarche administrative,Non,12/09/2024,Idao
123,124,Époque fusil importer situation plein.,Atelier numérique,Non,01/01/2023,Idao
124,205,Bande cependant plein sorte.,Démarche administrative,Oui,11/04/2024,Idao
125,16,Ne briser faute étrange étranger.,Atelier numérique,Non,09/12/2022,Idao
126,104,Long cheval leur cinquante abri découvrir rencontrer.,Atelier numérique,Non,11/10/2023,Idao
127,200,Salle pièce nature goût respirer.,Atelier numérique,Oui,08/08/2023,Idao
128,49,Officier voilà million saison chose établir apprendre jeter.,Atelier numérique,Oui,27/03/2024,Idao
129,215,Ainsi écarter peser ministre marchand.,Atelier numérique,Non,29/08/2024,Idao
130,130,Hier rapidement politique lourd.,Atelier numérique,Non,22/09/2023,Idao
131,221,Retomber près plusieurs pour lit chien.,Atelier numérique,Oui,29/07/2024,Idao
132,138,Naître désir leur le verre.,Démarche administrative,Oui,22/11/2023,Idao
133,236,Casser soudain curiosité précieux d'abord fort soutenir.,Démarche administrative,Oui,14/10/2023,Idao
134,111,Devant devant précipiter juste.,Atelier numérique,Non,20/04/2023,Idao
135,123,Comme fait marchand suite ainsi.,Démarche administrative,Oui,05/07/2024,Idao
136,202,Souvent habiller crier magnifique.,Démarche administrative,Non,02/11/2022,Idao
137,162,Croire mériter mois défendre étroit fenêtre.,Atelier numérique,Non,29/06/2023,Idao
138,203,Anglais contre front quelqu'un honte consulter.,Démarche administrative,Oui,05/05/2024,Idao
139,219,Oublier déchirer chemise réflexion jouer taire.,Atelier numérique,Non,13/05/2024,Idao
140,3,Franc glace faible tantôt.,Démarche administrative,Oui,18/10/2022,Idao
141,123,Souhaiter traverser apporter mariage interrompre course lorsque.,Démarche administrative,Non,10/11/2023,Idao
142,84,Peau profiter énorme général.,Démarche administrative,Oui,02/02/2024,Idao
143,225,Détacher franchir plusieurs fier douter connaissance crier importer.,Atelier numérique,Non,19/02/2023,Idao
144,41,Jeune ah machine depuis masse obéir couler.,Atelier numérique,Oui,10/06/2024,Idao
145,132,Herbe cinq rapidement.,Atelier numérique,Non,12/11/2022,Idao
146,99,Lier porte éprouver peu sûr enfance vision.,Atelier numérique,Non,02/07/2024,Idao
147,93,Ignorer cinq soir paupière mille enfin embrasser aussi.,Atelier numérique,Non,04/12/2022,Idao
148,130,Ressembler convenir presque aller.,Atelier numérique,Oui,01/06/2024,Idao
149,164,Tourner enfoncer village user.,Atelier numérique,Non,08/06/2024,Idao
150,69,Terreur quinze combat discuter étrange billet blanc.,Atelier numérique,Oui,03/03/2024,Idao
151,239,Réunir ton rose espérer est.,Atelier numérique,Oui,16/03/2024,Idao
152,94,Énergie ami réponse pluie choisir.,Atelier numérique,Oui,23/05/2023,Idao
153,47,Médecin riche abri avec complètement.,Atelier numérique,Oui,15/04/2024,Idao
154,75,Y représenter possible prendre souffrir.,Démarche administrative,Non,06/04/2023,Idao
155,14,Depuis loup disposer remplir ainsi perdre armer sous.,Atelier numérique,Oui,16/06/2024,Idao
156,226,Produire matin quatre troubler claire devoir être.,Démarche administrative,Non,08/05/2024,Idao
157,127,Année demain million passer.,Démarche administrative,Oui,06/09/2024,Idao
158,64,Plonger police président école rond lorsque fixe naturel.,Démarche administrative,Non,12/07/2024,Idao
159,51,Peau nu meilleur renoncer mari général devant.,Atelier numérique,Non,19/12/2022,Idao
160,179,Croix ami pourtant souffrance promener rue ouvert.,Atelier numérique,Non,18/09/2024,Idao
161,228,Plus en branche étoile calmer femme.,Démarche administrative,Oui,16/05/2024,Idao
162,46,Agir six quoi maison passage rose quand.,Démarche administrative,Oui,25/03/2024,Idao
163,104,Noir émotion contenter cheval trembler intérieur poitrine.,Démarche administrative,Oui,21/06/2024,Idao
164,51,Troubler ainsi public nuit poche personne.,Démarche administrative,Oui,03/11/2022,Idao
165,108,Avant souffrir devant approcher entier changement.,Atelier numérique,Non,17/09/2024,Idao
166,240,Assurer vieil flot autour image peau femme exiger.,Démarche administrative,Oui,03/05/2024,Idao
167,168,Feuille construire métier âge gros musique besoin loi.,Atelier numérique,Non,05/11/2023,Idao
168,8,Étranger atteindre grâce à.,Démarche administrative,Non,18/09/2023,Idao
169,161,Extraordinaire recevoir expérience vague homme marquer assez.,Atelier numérique,Non,20/07/2023,Idao
170,69,Savoir reste goût portier pendant.,Démarche administrative,Non,15/03/2024,Idao
171,9,Fille seuil soldat marquer.,Atelier numérique,Oui,18/10/2023,Idao
172,191,Considérer inviter enfin protéger beauté.,Démarche administrative,Non,11/02/2024,Idao
173,42,Secrétaire ajouter abattre course gris.,Atelier numérique,Non,01/10/2024,Idao
174,170,Prétendre fois possible.,Démarche administrative,Non,04/11/2023,Idao
175,131,Quoi obéir peuple problème affaire.,Démarche administrative,Oui,02/09/2023,Idao
176,179,Silence ciel avant mémoire subir inutile libre.,Atelier numérique,Oui,05/11/2023,Idao
177,30,Vrai encore appeler parti savoir jouer haut.,Démarche administrative,Non,24/01/2023,Idao
178,176,Soi tâche tout intérieur.,Atelier numérique,Oui,21/04/2023,Idao
179,143,Commencer prêter savoir celui établir plusieurs accepter.,Démarche administrative,Oui,11/04/2024,Idao
180,32,Secret ressembler épaule tempête répéter.,Démarche administrative,Non,13/05/2023,Idao
181,54,Ministre désert mari là l'un.,Démarche administrative,Oui,24/02/2023,Idao
182,132,User juste distinguer foule dehors colline.,Atelier numérique,Non,14/03/2024,Idao
183,55,Changement haut résister si recueillir dégager.,Atelier numérique,Non,10/04/2023,Idao
184,135,Aller absence complètement presque juste en.,Démarche administrative,Non,24/09/2024,Idao
185,112,Seconde lier beau oeuvre gens.,Atelier numérique,Oui,01/10/2023,Idao
186,126,Ce taille que.,Atelier numérique,Oui,06/06/2023,Idao
187,14,Voiture trésor traverser digne danser.,Atelier numérique,Non,21/06/2023,Idao
188,117,Page chance mon.,Atelier numérique,Non,17/03/2023,Idao
189,196,Pendre causer pleurer marché l'un.,Atelier numérique,Non,17/10/2023,Idao
190,183,Sombre vouloir mauvais suivant sentir calme sec.,Démarche administrative,Oui,17/01/2023,Idao
191,117,Rentrer sans demain service distinguer.,Démarche administrative,Oui,31/05/2023,Idao
192,36,Humide frapper approcher.,Démarche administrative,Non,10/11/2022,Idao
193,216,Geste même fumer révéler espèce.,Atelier numérique,Non,24/11/2022,Idao
194,243,Dès désert respirer dehors lendemain croiser.,Démarche administrative,Oui,22/12/2023,Idao
195,128,Jeune problème quelque fusil révolution qualité roi.,Atelier numérique,Non,16/02/2023,Idao
196,106,Respirer fil durer politique carte raison fin atteindre.,Atelier numérique,Oui,23/03/2023,Idao
197,11,Chercher yeux devoir celui chacun changement.,Démarche administrative,Non,25/05/2024,Idao
198,56,Poitrine mari haut pourquoi âge salle politique.,Démarche administrative,Oui,02/12/2022,Idao
199,102,Du papier cou queue quartier.,Démarche administrative,Non,23/03/2023,Idao
200,84,Beaux doute plan.,Démarche administrative,Non,24/10/2022,Idao
201,18,Confondre dangereux contenter groupe paquet saison voici bouche.,Atelier numérique,Non,30/12/2023,Idao
202,62,Sombre ne croiser.,Atelier numérique,Non,20/02/2023,Idao
203,164,Vaincre trou nul note bruit haut.,Démarche administrative,Oui,28/10/2023,Idao
204,166,Venir sorte posséder voisin soudain nu signifier.,Démarche administrative,Non,21/08/2023,Idao
205,225,Morceau visite croix corde continuer glace.,Démarche administrative,Oui,14/11/2022,Idao
206,182,Ensemble réserver conversation effort habiter réfléchir.,Atelier numérique,Oui,13/06/2024,Idao
207,158,Bête fier sable peser te ensuite.,Démarche administrative,Oui,06/03/2023,Idao
208,170,Saint course enfance.,Atelier numérique,Non,22/02/2024,Idao
209,181,Mine savoir terminer.,Atelier numérique,Oui,02/03/2024,Idao
210,183,Public vieil livre agir auprès.,Atelier numérique,Oui,08/05/2024,Idao
211,221,Image propre oh oeuvre en midi.,Démarche administrative,Oui,17/07/2024,Idao
212,51,Porte village famille content trou pays somme.,Atelier numérique,Non,24/09/2023,Idao
213,235,Arracher vieil rouge femme saluer chemin.,Atelier numérique,Oui,27/03/2023,Idao
214,199,Professeur signer allumer.,Atelier numérique,Oui,21/12/2023,Idao
215,28,Nom cesser tombe chance.,Atelier numérique,Oui,08/11/2022,Idao
216,24,Classe brusquement gens offrir delà.,Atelier numérique,Oui,25/12/2022,Idao
217,210,Prévoir accomplir lequel santé erreur mêler couleur.,Démarche administrative,Non,07/05/2023,Idao
218,236,Connaissance apporter douze mur trente.,Démarche administrative,Non,23/06/2023,Idao
219,178,Accord répandre chanter charge obéir fine entourer calme.,Démarche administrative,Non,24/02/2023,Idao
220,196,Nécessaire empire montrer jour hésiter jamais retourner.,Démarche administrative,Oui,28/11/2023,Idao
221,137,Objet tombe secret village travailler envie genou côte.,Démarche administrative,Oui,21/03/2023,Idao
222,210,Loi couleur chant refuser terrain.,Atelier numérique,Oui,20/04/2024,Idao
223,186,Déclarer vendre dame sommeil.,Démarche administrative,Non,30/03/2023,Idao
224,4,Pur beaux habitude fin traverser montagne.,Démarche administrative,Oui,13/11/2023,Idao
225,58,Charger fruit mener promener peau.,Démarche administrative,Non,18/11/2023,Idao
226,12,Planche nouveau sien madame table blanc trait que.,Démarche administrative,Oui,15/06/2024,Idao
227,53,Courir oser mériter.,Démarche administrative,Oui,22/06/2024,Idao
228,123,Rang plan mesure pouvoir.,Atelier numérique,Oui,21/10/2023,Idao
229,170,Environ soirée notre épais vieil rappeler.,Atelier numérique,Oui,15/08/2024,Idao
230,104,Marquer secret quand avec déclarer chaise.,Atelier numérique,Non,11/05/2024,Idao
231,103,Voir couche terrain étudier camarade car route unique.,Atelier numérique,Oui,15/01/2024,Idao
232,94,Sou politique noir moitié masse se.,Démarche administrative,Oui,13/10/2023,Idao
233,29,L'Une sept sueur aucun pousser oh digne.,Atelier numérique,Non,20/10/2022,Idao
234,203,Juge visite lever sortir douceur histoire toucher.,Démarche administrative,Oui,11/07/2024,Idao
235,93,Changement compagnon penser centre ferme.,Atelier numérique,Non,13/09/2024,Idao
236,62,Recueillir réel loin remettre.,Démarche administrative,Oui,20/07/2023,Idao
237,74,Achever petit combat intérêt.,Atelier numérique,Non,21/04/2024,Idao
238,60,Offrir désormais alors habiter air.,Atelier numérique,Oui,22/11/2023,Idao
239,2,Second joindre souffrance expression.,Démarche administrative,Non,12/06/2024,Idao
240,66,Nombre souffrance convenir.,Atelier numérique,Non,11/06/2024,Idao
241,31,Haut bois impression vide tout aller quinze.,Atelier numérique,Oui,23/02/2023,Idao
242,34,Franc allumer verser prison mariage inspirer.,Atelier numérique,Non,14/03/2023,Idao
243,237,Visible renverser apercevoir fermer marcher important mouvement retrouver.,Démarche administrative,Oui,08/04/2024,Idao
244,122,Continuer courant regretter.,Atelier numérique,Non,09/03/2023,Idao
245,240,Désespoir déchirer revenir tant jeunesse arme mériter.,Démarche administrative,Oui,04/11/2022,Idao
246,154,Saint envoyer indiquer moyen appuyer appartenir d'abord.,Atelier numérique,Non,13/07/2024,Idao
247,123,Douze employer saison court aujourd'hui.,Démarche administrative,Oui,15/06/2024,Idao
248,96,Désirer dont revoir.,Atelier numérique,Non,22/10/2023,Idao
249,142,Raison cercle sous delà.,Atelier numérique,Non,16/03/2023,Idao
250,207,Secret docteur fer être champ.,Atelier numérique,Oui,04/03/2023,Idao
251,230,Accompagner devoir mine épaule de discuter désigner.,Atelier numérique,Oui,21/07/2023,Idao
252,202,Durant machine relation saluer dessiner soulever renoncer.,Atelier numérique,Oui,11/04/2024,Idao
253,119,Mort apprendre songer particulier.,Démarche administrative,Oui,27/08/2023,Idao
254,220,Agir lier accord liberté asseoir vivant allumer passion.,Atelier numérique,Non,18/12/2023,Idao
255,81,Vraiment perdu car troisième disparaître rire.,Atelier numérique,Oui,03/12/2022,Idao
256,73,Mêler rayon un direction table.,Démarche administrative,Non,14/01/2023,Idao
257,128,Regard blond été animal ah savoir.,Démarche administrative,Non,29/07/2023,Idao
258,133,Désir oeuvre colère note réel ventre.,Démarche administrative,Oui,05/07/2023,Idao
259,161,Accrocher cou vin bien public profiter danser moindre.,Atelier numérique,Oui,25/04/2024,Idao
260,168,Nul oncle ah dans arme auprès.,Démarche administrative,Oui,03/05/2023,Idao
261,6,Conclure nez mal d'autres.,Atelier numérique,Non,10/04/2023,Idao
262,18,Visite avance secrétaire semblable émotion tache céder.,Atelier numérique,Non,07/10/2023,Idao
263,17,Salle rouler voisin milieu pur.,Atelier numérique,Oui,22/12/2022,Idao
264,155,Vendre son dix encore mémoire auprès conversation.,Démarche administrative,Oui,03/02/2024,Idao
265,85,Quel choisir public représenter couche vie rideau métier.,Démarche administrative,Oui,16/05/2023,Idao
266,107,Curieux surveiller quitter claire ancien au recueillir.,Atelier numérique,Non,22/09/2024,Idao
267,8,Joie prêter dégager promettre malgré dégager.,Atelier numérique,Non,17/12/2022,Idao
268,154,Prière apercevoir sérieux en droite parent semaine.,Démarche administrative,Non,16/06/2024,Idao
269,193,Différent indiquer le caresser me.,Atelier numérique,Oui,10/02/2023,Idao
270,71,Aventure retenir loup campagne donc parler placer.,Atelier numérique,Non,04/11/2022,Idao
271,124,Tout passer rassurer montagne tomber.,Démarche administrative,Oui,31/08/2024,Idao
272,97,Porte perdre marier ça recherche entrée.,Démarche administrative,Oui,20/10/2023,Idao
273,217,Rester billet centre compagnie point montrer.,Atelier numérique,Oui,21/04/2024,Idao
274,169,Près vision certain toute.,Démarche administrative,Oui,27/03/2024,Idao
275,172,Plein aussi présent sourd.,Démarche administrative,Oui,26/08/2023,Idao
276,138,Absence appeler inquiétude venir relation vieux créer.,Démarche administrative,Non,02/03/2023,Idao
277,29,Déchirer désigner dimanche regarder pain derrière.,Démarche administrative,Non,26/09/2024,Idao
278,99,Flot camarade faux travail.,Atelier numérique,Non,30/12/2023,Idao
279,90,Tâche tracer train conclure.,Atelier numérique,Non,17/01/2024,Idao
280,159,Acheter coeur meilleur couvrir double.,Démarche administrative,Non,29/04/2023,Idao
281,240,Société etc aimer vite se commun précieux colline.,Atelier numérique,Non,23/08/2024,Idao
282,44,Peur groupe lourd amour précipiter vaincre eh.,Démarche administrative,Oui,09/09/2024,Idao
283,111,Couler mort rassurer égal on.,Atelier numérique,Non,08/08/2024,Idao
284,211,Dix tout courant vent capable répondre.,Démarche administrative,Non,24/01/2024,Idao
285,139,D'Abord avoir précéder contre gagner colon.,Démarche administrative,Oui,08/12/2022,Idao
286,237,Effet malheur poche.,Démarche administrative,Oui,23/05/2024,Idao
287,144,Douleur conclure porte absence produire croiser présent jeunesse.,Démarche administrative,Oui,12/04/2024,Idao
288,146,Nourrir auprès prêt côté aller charger plaisir vous.,Atelier numérique,Oui,03/11/2022,Idao
289,36,Briller mille dessus profond.,Démarche administrative,Oui,29/06/2024,Idao
290,164,Mériter intention adresser pencher pitié.,Atelier numérique,Oui,17/04/2024,Idao
291,26,Temps masse accuser escalier assister vol seigneur.,Démarche administrative,Non,31/12/2023,Idao
292,97,Peine rompre selon livrer note nez bon.,Démarche administrative,Oui,09/09/2023,Idao
293,124,Étoile livrer accompagner heureux.,Démarche administrative,Non,23/04/2024,Idao
294,78,Interrompre fou fleur.,Atelier numérique,Non,13/08/2023,Idao
295,175,Profond oh armée désirer étoile paupière naître trou.,Atelier numérique,Non,03/08/2023,Idao
296,145,Deviner public centre lutte confiance étudier chasse.,Démarche administrative,Oui,20/11/2022,Idao
297,91,Tel non autre pareil.,Atelier numérique,Non,08/01/2023,Idao
298,66,Occuper agent suivant haut construire.,Démarche administrative,Non,22/11/2022,Idao
299,123,Jeter rêve arbre donc.,Atelier numérique,Oui,10/10/2024,Idao
300,131,Découvrir dernier oh imaginer tache trois content.,Démarche administrative,Non,07/01/2023,Idao
301,173,Fortune pendant rester fatiguer à étranger éternel palais.,Démarche administrative,Non,26/01/2023,Idao
302,231,Essayer près sable mari.,Démarche administrative,Oui,02/05/2023,Idao
303,48,Gens type journal dessiner français.,Démarche administrative,Oui,22/03/2024,Idao
304,36,Montagne français poussière loin beau goût.,Atelier numérique,Oui,03/04/2023,Idao
305,60,Vers que pousser couper second extraordinaire.,Démarche administrative,Oui,30/12/2023,Idao
306,71,Remonter pont voyage longtemps.,Démarche administrative,Non,25/12/2023,Idao
307,59,Habiter approcher disposer entendre tapis force menacer.,Démarche administrative,Non,31/01/2023,Idao
308,250,Recevoir journal pareil premier.,Atelier numérique,Non,07/07/2024,Idao
309,217,Conduire attacher trace nombre auquel pouvoir davantage cuisine.,Démarche administrative,Non,05/07/2023,Idao
310,98,Éclat regretter source déjà recommencer.,Atelier numérique,Oui,09/03/2023,Idao
311,243,Occasion tôt passer seconde cours doute.,Démarche administrative,Oui,25/02/2024,Idao
312,88,Coin général risquer précipiter écouter.,Démarche administrative,Non,01/12/2022,Idao
313,187,Parent douze liberté.,Atelier numérique,Non,18/04/2023,Idao
314,179,Tirer face si femme descendre.,Démarche administrative,Oui,22/06/2024,Idao
315,136,Entourer devoir fait instinct.,Atelier numérique,Oui,26/03/2024,Idao
316,202,Ce nom jouer simple aussitôt.,Démarche administrative,Oui,19/06/2024,Idao
317,242,Réduire événement traiter livre combat rapporter rêver vie.,Atelier numérique,Oui,28/12/2022,Idao
318,64,Glace raconter conduire double.,Démarche administrative,Oui,11/01/2023,Idao
319,49,Amuser être source prêter.,Démarche administrative,Oui,10/10/2024,Idao
320,241,Davantage garder ainsi abattre expression pareil défendre.,Atelier numérique,Oui,16/05/2024,Idao
321,149,Troubler écraser surveiller fortune bord.,Atelier numérique,Non,19/02/2024,Idao
322,108,Remercier aujourd'hui tour élever toute.,Atelier numérique,Oui,10/01/2023,Idao
323,225,Caresser offrir rouler ce.,Atelier numérique,Non,03/11/2022,Idao
324,220,Bon rouler envie chasser sembler.,Démarche administrative,Oui,15/12/2023,Idao
325,250,Surveiller passé service lire.,Démarche administrative,Non,24/12/2022,Idao
326,218,Pleurer goût certes force.,Démarche administrative,Oui,31/10/2023,Idao
327,147,Peuple envoyer assez y cas.,Démarche administrative,Non,19/07/2024,Idao
328,201,Hauteur condamner autorité prière désir fumée.,Démarche administrative,Oui,13/09/2024,Idao
329,142,Devant après brûler naturel aile bureau lutter.,Atelier numérique,Non,14/02/2024,Idao
330,166,Trace avant règle aspect accomplir voiture écraser.,Démarche administrative,Oui,03/09/2023,Idao
331,157,Clair par former poids.,Démarche administrative,Oui,06/05/2023,Idao
332,109,Charger impossible quelque obliger ventre taille rentrer soleil.,Démarche administrative,Non,25/10/2023,Idao
333,52,Inquiéter que grandir entraîner apercevoir.,Démarche administrative,Non,19/06/2023,Idao
334,198,Trace douceur cependant fumer dont.,Atelier numérique,Oui,08/03/2023,Idao
335,142,Émotion raison vaincre troisième auprès.,Atelier numérique,Oui,08/03/2023,Idao
336,12,Importance plus prière acheter précéder.,Démarche administrative,Oui,12/12/2023,Idao
337,63,Personne accomplir famille cher après sou.,Atelier numérique,Oui,04/08/2024,Idao
338,67,Précéder présenter maître blanc.,Démarche administrative,Oui,01/05/2024,Idao
339,11,Taille or présent lier pouvoir poser colon.,Démarche administrative,Oui,07/12/2022,Idao
340,206,Lutte humain chien peu parent réserver.,Atelier numérique,Non,24/05/2023,Idao
341,219,Fermer combat paquet vendre du vingt fond.,Démarche administrative,Oui,15/04/2023,Idao
342,102,Remonter trésor mal cacher enfant.,Démarche administrative,Non,03/11/2023,Idao
343,170,Douter pousser reste pouvoir étoile lieu.,Atelier numérique,Non,06/11/2023,Idao
344,155,Paysan mari papa expression.,Atelier numérique,Oui,11/04/2024,Idao
345,177,Sac alors pierre.,Démarche administrative,Oui,02/11/2023,Idao
346,242,Monde champ passage accomplir.,Démarche administrative,Oui,23/06/2023,Idao
347,206,Douceur poursuivre moment créer passage drame.,Démarche administrative,Oui,17/01/2024,Idao
348,28,Noir regard problème douleur objet terme.,Démarche administrative,Oui,02/09/2024,Idao
349,174,Ton aussitôt malade froid garder dernier geste.,Démarche administrative,Non,28/06/2023,Idao
350,13,Papier inventer extraordinaire empêcher prier.,Démarche administrative,Non,18/07/2024,Idao
351,220,Joli mensonge employer peuple meilleur.,Démarche administrative,Oui,13/04/2023,Idao
352,98,Rond agir étranger qui mort causer menacer.,Démarche administrative,Non,24/01/2024,Idao
353,92,Nation malgré poète.,Démarche administrative,Non,03/11/2023,Idao
354,37,Lieu échapper trait depuis sac français cela.,Démarche administrative,Non,02/10/2024,Idao
355,85,Prière grandir terreur cependant marchand choisir milieu.,Démarche administrative,Non,06/08/2023,Idao
356,173,Rêver valeur pendre joli reposer visite.,Atelier numérique,Oui,23/08/2024,Idao
357,161,Race retour arracher montagne profiter histoire obéir croiser.,Démarche administrative,Oui,13/08/2024,Idao
358,65,Paysage celui casser remonter appel savoir.,Démarche administrative,Oui,02/12/2023,Idao
359,152,Sourire retirer découvrir vieux passer valeur.,Démarche administrative,Oui,16/10/2022,Idao
360,27,Un semaine clef spectacle sein secours politique.,Démarche administrative,Oui,01/08/2023,Idao
361,111,Environ allumer personne morceau.,Atelier numérique,Non,16/09/2023,Idao
362,182,Table personnage ajouter curieux.,Démarche administrative,Oui,14/04/2023,Idao
363,176,Question devoir poussière police retour mort reposer.,Atelier numérique,Non,02/05/2023,Idao
364,157,Renverser appuyer elle patron aucun vers delà rôle.,Démarche administrative,Oui,25/05/2023,Idao
365,169,Inquiétude or naissance votre dégager accrocher brûler.,Atelier numérique,Oui,13/06/2023,Idao
366,128,Changer perdre monter ferme retirer ouvrage apprendre femme.,Atelier numérique,Non,30/11/2022,Idao
367,58,Sein froid connaître foule poésie parent.,Atelier numérique,Non,30/10/2023,Idao
368,24,Chute marier plaisir cou.,Atelier numérique,Non,05/06/2024,Idao
369,201,Parcourir larme révolution moindre sérieux meilleur vérité près.,Atelier numérique,Oui,18/01/2024,Idao
370,147,Tard sac partager mille paysan suffire trop si.,Démarche administrative,Non,02/12/2023,Idao
371,166,Obtenir moyen respect titre bout absolu.,Atelier numérique,Oui,02/07/2024,Idao
372,13,Frapper mêler danser ancien alors.,Démarche administrative,Oui,19/07/2024,Idao
373,113,Signe confier réduire avenir vendre.,Démarche administrative,Non,03/10/2024,Idao
374,185,Monsieur pousser reconnaître creuser disparaître depuis commander.,Démarche administrative,Oui,23/02/2023,Idao
375,15,Envie réduire sentir voyage point secrétaire.,Démarche administrative,Oui,30/05/2023,Idao
376,57,Parfois emmener nous.,Démarche administrative,Oui,02/03/2023,Idao
377,8,Dangereux obliger écraser dur caresser fort.,Atelier numérique,Non,20/01/2024,Idao
378,20,Madame peuple leur menacer.,Atelier numérique,Non,13/06/2024,Idao
379,148,Affaire quant à matière obtenir idée.,Démarche administrative,Oui,28/02/2023,Idao
380,181,Cas prochain plaine craindre briller secrétaire ramasser.,Démarche administrative,Non,24/10/2022,Idao
381,201,Seuil dresser midi queue pourquoi voix amour.,Atelier numérique,Oui,26/12/2023,Idao
382,72,Écouter arrière comment.,Atelier numérique,Non,18/05/2023,Idao
383,24,Temps détruire avancer magnifique fin.,Atelier numérique,Non,02/02/2023,Idao
384,188,Plaine roman grâce coeur lien mal souvenir rompre.,Atelier numérique,Non,24/10/2022,Idao
385,35,Événement rien apparence françois.,Atelier numérique,Non,23/03/2023,Idao
386,81,Pouvoir particulier dehors mieux sien faible.,Démarche administrative,Non,16/01/2023,Idao
387,26,Mot amour habiller avance.,Démarche administrative,Oui,25/10/2023,Idao
388,186,Complètement attitude classe tôt militaire.,Atelier numérique,Non,22/12/2023,Idao
389,230,Montagne sentiment certain visible très ouvrage école.,Atelier numérique,Oui,20/07/2024,Idao
390,4,Le principe instinct révéler.,Atelier numérique,Oui,01/06/2023,Idao
391,28,Imaginer question ci acte quelque.,Démarche administrative,Non,29/11/2023,Idao
392,213,Sonner oiseau grave briller plaisir.,Atelier numérique,Oui,17/12/2023,Idao
393,78,Mentir exemple prison disposer vite côte expression avance.,Atelier numérique,Non,06/09/2024,Idao
394,164,L'Un diriger dégager suffire sec diriger campagne accompagner.,Démarche administrative,Non,22/07/2023,Idao
395,89,Taire respect grâce non supposer joindre événement respecter.,Atelier numérique,Oui,27/03/2023,Idao
396,175,Arracher ajouter calme rayon.,Atelier numérique,Non,21/08/2024,Idao
397,52,Marchand pain membre ci.,Démarche administrative,Oui,26/12/2023,Idao
398,41,Mal revenir imposer jardin.,Démarche administrative,Oui,26/01/2023,Idao
399,112,Pourquoi souffrir sou ça endroit maison sommet.,Démarche administrative,Non,09/11/2023,Idao
400,164,Exécuter chaque annoncer pourtant voisin.,Démarche administrative,Non,03/06/2023,Idao
401,3,Esprit classe ouvrage cent cerveau plante histoire.,Démarche administrative,Oui,03/12/2022,Idao
402,3,Ensemble espérer garder quoi malgré.,Atelier numérique,Non,29/07/2024,Idao
403,215,Spectacle table nécessaire forêt coup esprit chef.,Atelier numérique,Oui,23/07/2023,Idao
404,45,Sonner discours société rire corde simple dès.,Atelier numérique,Oui,22/08/2024,Idao
405,231,Attention devenir rapide tantôt crainte.,Atelier numérique,Oui,13/07/2023,Idao
406,117,Pierre jaune ne.,Démarche administrative,Non,23/09/2024,Idao
407,61,Suivre sonner moment entraîner expression passé naturellement.,Démarche administrative,Oui,07/10/2023,Idao
408,247,Juste plaindre attendre décrire image manger cruel.,Démarche administrative,Non,15/05/2024,Idao
409,250,Grand déclarer ensemble autre quand jeune.,Démarche administrative,Non,06/08/2023,Idao
410,108,Nombreux amener rapide forcer folie.,Atelier numérique,Non,30/10/2023,Idao
411,76,Printemps manger force payer prouver perdu subir.,Démarche administrative,Non,02/12/2022,Idao
412,33,Haut anglais réussir rapport tenir.,Atelier numérique,Oui,07/07/2023,Idao
413,193,Quitter prétendre renoncer dehors.,Atelier numérique,Non,05/05/2023,Idao
414,34,Oui humain rentrer forêt révéler.,Atelier numérique,Oui,27/09/2024,Idao
415,210,Menacer ciel choisir prétendre hôtel.,Atelier numérique,Non,30/01/2023,Idao
416,185,Course ailleurs ramasser eh.,Atelier numérique,Oui,05/09/2024,Idao
417,76,Présent moindre terminer long répéter étoile.,Démarche administrative,Non,20/09/2023,Idao
418,162,Président peser tant tempête doute.,Atelier numérique,Oui,01/07/2023,Idao
419,188,Vouloir éprouver trou sous éloigner vivre remonter.,Démarche administrative,Oui,20/02/2023,Idao
420,143,Joli sûr sorte.,Atelier numérique,Non,11/04/2024,Idao
421,241,Sommet causer mort jeune camarade nombreux monsieur.,Démarche administrative,Non,14/02/2024,Idao
422,164,Hésiter donc attitude suivant auquel lors.,Atelier numérique,Non,07/05/2024,Idao
423,59,Grand oh douceur effacer adresser.,Atelier numérique,Oui,12/06/2023,Idao
424,174,Rapidement couleur souffrir mariage hauteur mauvais porter.,Atelier numérique,Oui,08/05/2024,Idao
425,191,Père passer rôle pierre arrivée arracher soutenir triste.,Atelier numérique,Oui,15/12/2023,Idao
426,5,Raison histoire désigner social réussir changement.,Atelier numérique,Oui,18/06/2024,Idao
427,110,Cheveu morceau terme.,Atelier numérique,Non,10/10/2024,Idao
428,35,Dangereux glace intéresser dernier jeune comprendre ville.,Atelier numérique,Oui,26/01/2024,Idao
429,189,Noir joue inquiéter prendre réel important.,Démarche administrative,Oui,04/07/2023,Idao
430,247,Cas considérer après chacun rêver lors arracher.,Atelier numérique,Non,06/04/2024,Idao
431,100,Arme semblable traiter encore.,Démarche administrative,Non,19/03/2023,Idao
432,120,Être courage tourner billet maintenir.,Atelier numérique,Oui,28/11/2023,Idao
433,110,Sortir nom herbe peu joue inviter.,Atelier numérique,Oui,17/10/2022,Idao
434,183,Plus vin bord rappeler blanc.,Démarche administrative,Non,02/02/2024,Idao
435,105,Intention hôtel vivre rêve officier.,Démarche administrative,Oui,02/12/2023,Idao
436,33,Veille violence sentiment bataille mériter mensonge quatre.,Démarche administrative,Non,02/03/2023,Idao
437,41,À divers interrompre goutte vérité doucement.,Atelier numérique,Non,08/06/2024,Idao
438,243,Oreille dresser chaleur durant contenir.,Atelier numérique,Oui,01/10/2024,Idao
439,167,Maître lorsque sept épaule.,Démarche administrative,Oui,07/11/2022,Idao
440,249,Mouvement tendre atteindre relation vif environ bon.,Atelier numérique,Non,29/11/2022,Idao
441,61,Noir regard coin.,Démarche administrative,Oui,16/05/2024,Idao
442,244,Mentir avancer puis foule.,Atelier numérique,Non,23/02/2024,Idao
443,192,Droit produire autre assister pierre robe.,Démarche administrative,Non,09/02/2024,Idao
444,104,Également penser mine folie terrain.,Démarche administrative,Oui,18/06/2024,Idao
445,195,Doigt fils siège apercevoir humide île songer.,Démarche administrative,Non,22/12/2023,Idao
446,22,Savoir cabinet malade aujourd'hui couche curiosité demander.,Démarche administrative,Oui,04/06/2024,Idao
447,178,Port suivre indiquer entretenir magnifique pas.,Atelier numérique,Non,05/01/2024,Idao
448,217,Interroger transformer général.,Atelier numérique,Oui,04/05/2024,Idao
449,46,Image colon paix figure prochain continuer.,Atelier numérique,Non,17/10/2022,Idao
450,68,Souvenir te diriger ramener beaux ancien.,Démarche administrative,Non,04/09/2023,Idao
451,125,Leur forme présence sol chaîne réponse devoir.,Atelier numérique,Oui,23/12/2022,Idao
452,70,Saison crier tromper fauteuil désir révolution.,Démarche administrative,Oui,27/04/2023,Idao
453,250,Étranger troubler instant payer.,Atelier numérique,Non,07/01/2024,Idao
454,199,Vue cesser plante avant.,Atelier numérique,Oui,12/09/2023,Idao
455,181,Revenir apporter haut.,Atelier numérique,Oui,14/12/2022,Idao
456,154,Debout peine art.,Démarche administrative,Oui,24/01/2023,Idao
457,123,Rose ventre bientôt coucher.,Démarche administrative,Non,21/10/2022,Idao
458,224,Palais aimer fruit mince quelque visite année entourer.,Démarche administrative,Oui,17/12/2022,Idao
459,44,Chacun suivant quoi.,Atelier numérique,Oui,21/09/2023,Idao
460,134,Essayer aller accrocher étouffer changement donner parfaitement.,Démarche administrative,Non,05/07/2024,Idao
461,41,Parole causer an cela sombre demain.,Atelier numérique,Oui,19/12/2022,Idao
462,134,Miser préférer autrement briller.,Démarche administrative,Non,03/04/2024,Idao
463,52,Désespoir apercevoir liberté étonner note.,Atelier numérique,Non,12/10/2024,Idao
464,141,Agiter terre visage remonter maintenir pointe nature français.,Démarche administrative,Oui,26/10/2023,Idao
465,41,Tour digne général arriver rayon.,Atelier numérique,Non,30/07/2024,Idao
466,8,Menacer réussir lier bois attitude creuser exécuter.,Atelier numérique,Non,21/11/2023,Idao
467,70,Milieu porte posséder taire.,Démarche administrative,Oui,25/01/2023,Idao
468,105,Forêt sujet conversation travailler soir.,Atelier numérique,Oui,18/08/2024,Idao
469,223,Paupière énergie retour miser sauver.,Démarche administrative,Oui,26/01/2023,Idao
470,30,Prétendre désormais simple retirer femme mien.,Démarche administrative,Oui,18/02/2024,Idao
471,178,Comme forêt prétendre famille ni note claire.,Démarche administrative,Non,26/10/2022,Idao
472,208,Rejoindre atteindre quelque cerveau craindre goût horizon.,Atelier numérique,Oui,20/06/2023,Idao
473,201,Caractère événement haïr prêt et croiser établir couper.,Atelier numérique,Oui,23/08/2024,Idao
474,137,Tantôt vivant vif énergie sec fête prononcer.,Démarche administrative,Oui,09/07/2024,Idao
475,110,Cuisine fait connaissance bras.,Démarche administrative,Oui,30/11/2022,Idao
476,203,Voir presser tout.,Démarche administrative,Oui,06/11/2023,Idao
477,207,Bête traîner menacer coup gauche.,Démarche administrative,Non,04/12/2022,Idao
478,202,Neuf matin sur connaissance.,Démarche administrative,Oui,04/10/2023,Idao
479,48,Demain politique en traiter siège.,Démarche administrative,Non,08/01/2023,Idao
480,173,Porte position rêver mien céder permettre corde.,Démarche administrative,Oui,15/12/2022,Idao
481,41,Robe trace reste user retenir rose goût.,Démarche administrative,Oui,13/06/2023,Idao
482,87,Grave même plaindre élément haine musique désigner.,Atelier numérique,Oui,11/11/2023,Idao
483,193,Cause chanter chant moindre état.,Démarche administrative,Non,17/07/2023,Idao
484,152,Tellement appel puissance exécuter réflexion.,Atelier numérique,Non,26/02/2024,Idao
485,84,Saisir mouvement recherche silencieux siège.,Démarche administrative,Oui,07/12/2023,Idao
486,159,Fermer mari effacer subir place religion ville pouvoir.,Démarche administrative,Oui,28/11/2022,Idao
487,34,Désespoir défaut plaire.,Démarche administrative,Oui,14/01/2024,Idao
488,241,Quelque si quartier vieil après ministre.,Atelier numérique,Oui,01/12/2023,Idao
489,165,Peine dehors étendre sec commencement.,Atelier numérique,Oui,18/03/2023,Idao
490,167,Douze noir éternel centre.,Atelier numérique,Oui,20/11/2023,Idao
491,205,Ci chiffre sorte accorder tant.,Démarche administrative,Non,12/02/2024,Idao
492,247,Peu énorme éteindre tout vert centre traiter.,Atelier numérique,Non,10/09/2023,Idao
493,189,Chemin goutte lisser.,Démarche administrative,Non,06/12/2022,Idao
494,1,Étrange vide sombre craindre.,Atelier numérique,Non,24/02/2024,Idao
495,228,Tôt convenir empire haine important annoncer.,Démarche administrative,Non,13/07/2024,Idao
496,144,Bord rayon attirer trésor.,Démarche administrative,Oui,25/11/2022,Idao
497,22,Indiquer égal effort lèvre d'abord enlever un.,Atelier numérique,Oui,29/12/2023,Idao
498,203,Rose mort vieil accuser grain.,Démarche administrative,Non,23/10/2022,Idao
499,37,Espoir quarante éternel.,Démarche administrative,Non,15/03/2024,Idao
500,87,Réflexion mari repousser signer lendemain arracher.,Démarche administrative,Oui,30/07/2024,Idao
501,74,Professeur valoir titre pierre.,Atelier numérique,Oui,11/01/2023,Idao
502,149,Imposer doucement ennemi en aile mémoire savoir.,Atelier numérique,Oui,25/04/2024,Idao
503,1,Direction payer loin songer toit.,Démarche administrative,Non,09/03/2024,Idao
504,176,Fumée prier voyager quatre.,Démarche administrative,Non,23/01/2024,Idao
505,93,Couper ça expression espérer heureux soumettre partie.,Atelier numérique,Non,17/05/2024,Idao
506,107,Besoin réel état décider étude.,Démarche administrative,Non,07/08/2023,Idao
507,244,Soumettre ami préparer petit conduire signer naturel fumée.,Démarche administrative,Oui,16/03/2023,Idao
508,216,Réclamer pouvoir avis.,Atelier numérique,Non,17/05/2023,Idao
509,144,Système vif général autre.,Atelier numérique,Oui,16/11/2022,Idao
510,14,Vers mieux ministre vent demi conscience parfois durer.,Démarche administrative,Oui,13/08/2023,Idao
511,224,Moyen notre savoir lors.,Démarche administrative,Non,28/06/2023,Idao
512,1,Sien flot heureux scène français.,Démarche administrative,Oui,05/04/2023,Idao
513,193,Moyen étude couper voix accent vin discours lune.,Atelier numérique,Non,14/07/2024,Idao
514,195,Jardin tandis que propre examiner pouvoir inquiétude.,Atelier numérique,Non,13/05/2024,Idao
515,243,Céder doucement qualité.,Démarche administrative,Non,08/10/2024,Idao
516,240,Entrée violence que.,Démarche administrative,Non,30/09/2023,Idao
517,140,Voici affaire midi nation changement partir tombe.,Atelier numérique,Non,13/03/2024,Idao
518,120,Ligne respirer étoile parler.,Atelier numérique,Non,11/05/2024,Idao
519,155,Fixer bête profond songer lier coûter.,Démarche administrative,Oui,25/07/2024,Idao
520,174,Remplir content permettre crainte.,Atelier numérique,Oui,22/10/2023,Idao
521,207,Unique retomber plan suivant.,Atelier numérique,Non,19/10/2023,Idao
522,26,Agiter durant front propre.,Démarche administrative,Oui,07/01/2024,Idao
523,200,Sommeil campagne terme métier endormir hauteur.,Démarche administrative,Oui,22/12/2023,Idao
524,94,Comment lisser marier morceau cinquante promettre soulever.,Démarche administrative,Oui,28/01/2023,Idao
525,235,Suite maladie déposer supporter.,Démarche administrative,Oui,08/05/2024,Idao
526,247,Hors plusieurs vrai inviter aucun.,Démarche administrative,Non,08/03/2024,Idao
527,138,Espoir défaut essayer reprendre durer.,Atelier numérique,Non,07/04/2023,Idao
528,49,Relation reconnaître route dent plonger occuper.,Démarche administrative,Non,29/06/2024,Idao
529,132,Fruit profond possible fuir je retirer.,Atelier numérique,Oui,22/01/2024,Idao
530,89,Derrière consentir douze ombre sauvage rien beaucoup.,Démarche administrative,Non,10/01/2024,Idao
531,180,Grâce croiser qualité écraser approcher chiffre intérêt chaleur.,Démarche administrative,Non,17/03/2023,Idao
532,147,Vol confier pitié rouge aventure voisin travailler figurer.,Atelier numérique,Oui,17/11/2022,Idao
533,123,Pourquoi trésor famille.,Démarche administrative,Oui,17/07/2023,Idao
534,193,Gauche printemps vide raconter avant mener.,Démarche administrative,Oui,22/05/2023,Idao
535,196,Me mois article chose entendre.,Atelier numérique,Oui,27/03/2023,Idao
536,156,Fou aide trésor où public abattre.,Démarche administrative,Non,18/02/2023,Idao
537,4,Dernier préparer dehors relation anglais poussière rien.,Démarche administrative,Oui,03/03/2023,Idao
538,219,Partager éternel route travers énorme.,Démarche administrative,Non,10/05/2024,Idao
539,198,Coûter trouver faux.,Démarche administrative,Oui,25/12/2023,Idao
540,80,Lettre chasser queue inviter continuer peu théâtre.,Atelier numérique,Non,06/02/2024,Idao
541,77,D'Abord victime plaire.,Atelier numérique,Oui,25/04/2024,Idao
542,45,Abattre image venir terminer fumée penser comme femme.,Atelier numérique,Non,16/04/2024,Idao
543,164,Direction facile détruire indiquer foi servir.,Atelier numérique,Non,20/10/2023,Idao
544,215,Je page plan jeter.,Démarche administrative,Oui,16/03/2024,Idao
545,178,Cruel militaire recevoir tel bien avec.,Démarche administrative,Oui,14/12/2022,Idao
546,9,Enfin surveiller cesse second.,Démarche administrative,Oui,25/08/2023,Idao
547,131,Tout quand songer attaquer douter franc cerveau lien.,Démarche administrative,Non,19/07/2024,Idao
548,23,Vivre en du déposer guerre lit ancien vif.,Atelier numérique,Oui,15/10/2023,Idao
549,54,Empire plaindre semaine enlever marier accorder fleur disposer.,Démarche administrative,Oui,01/11/2023,Idao
550,228,Chercher feu violent pendant pendre.,Atelier numérique,Oui,14/03/2023,Idao
551,224,Relever figurer accuser chute signe chacun.,Démarche administrative,Oui,27/02/2023,Idao
552,207,Mal inventer battre là là.,Atelier numérique,Oui,18/10/2022,Idao
553,41,Fort direction glace effacer.,Démarche administrative,Non,31/03/2024,Idao
554,49,Fait étendre classe fou extraordinaire.,Atelier numérique,Non,10/01/2024,Idao
555,172,Nez souhaiter déposer obtenir.,Démarche administrative,Non,27/11/2023,Idao
556,10,On plutôt foi précéder.,Atelier numérique,Non,09/10/2024,Idao
557,59,Début oeil président respecter trésor contenter seulement chant.,Démarche administrative,Oui,29/06/2024,Idao
558,221,Approcher courant même barbe bon.,Démarche administrative,Oui,13/01/2023,Idao
559,114,Livre extraordinaire simple cheveu volonté dépasser circonstance cheveu.,Démarche administrative,Non,25/11/2023,Idao
560,91,Puis rendre nourrir printemps endormir.,Démarche administrative,Oui,20/07/2024,Idao
561,172,Blanc affirmer figure mériter terrible objet forme.,Atelier numérique,Non,29/10/2022,Idao
562,33,Somme toute entraîner traiter.,Démarche administrative,Non,26/10/2023,Idao
563,30,Quinze alors bas vouloir angoisse.,Atelier numérique,Oui,16/05/2023,Idao
564,165,Trace cause le chaîne pluie vêtement réflexion.,Atelier numérique,Non,15/01/2024,Idao
565,136,Maison qui obéir attirer marchand voyager depuis neuf.,Atelier numérique,Oui,07/03/2023,Idao
566,19,Durant âme surveiller rose naissance main.,Atelier numérique,Oui,16/09/2023,Idao
567,212,Décider menacer tout rencontre depuis circonstance entier.,Démarche administrative,Non,15/03/2024,Idao
568,48,Seuil répéter peu tout angoisse tempête.,Démarche administrative,Oui,23/05/2024,Idao
569,94,Amour village tout bois mener midi.,Démarche administrative,Oui,05/08/2024,Idao
570,144,Nom sombre frapper miser devenir pourquoi ministre.,Démarche administrative,Non,08/10/2023,Idao
571,149,Désespoir jeu suivre nul.,Atelier numérique,Non,06/09/2024,Idao
572,73,Paquet cercle cri jeune saisir vingt solitude.,Démarche administrative,Oui,02/10/2023,Idao
573,247,Sens cinquante détail consentir.,Atelier numérique,Non,07/04/2023,Idao
574,5,Madame poids demeurer servir y quart assurer.,Atelier numérique,Non,03/05/2023,Idao
575,166,Tâche sonner position joie baisser secret.,Atelier numérique,Non,16/09/2023,Idao
576,194,Tourner été toucher saluer ailleurs époque.,Atelier numérique,Non,06/04/2024,Idao
577,109,Ci perdu animer vie chaque lien.,Démarche administrative,Oui,10/11/2023,Idao
578,157,Aucun saison réserver profiter.,Démarche administrative,Non,25/08/2023,Idao
579,223,Fils malgré pointe salut.,Atelier numérique,Non,01/02/2023,Idao
580,38,Rejoindre pas sourire.,Atelier numérique,Non,14/01/2023,Idao
581,222,Entier matière naturellement bras dire de emmener.,Démarche administrative,Oui,08/07/2024,Idao
582,95,Devant impossible même voir désormais complet.,Démarche administrative,Non,29/04/2023,Idao
583,163,Ennemi genou position salut haine et.,Démarche administrative,Non,24/05/2024,Idao
584,64,Environ promettre prononcer larme fine.,Démarche administrative,Non,29/03/2023,Idao
585,241,Neuf escalier arriver rencontrer déjà heure.,Atelier numérique,Oui,25/11/2023,Idao
586,150,Vague feu situation écouter grand.,Démarche administrative,Oui,31/08/2024,Idao
587,134,Agir garçon soirée horizon intelligence.,Démarche administrative,Non,02/12/2023,Idao
588,99,Sommet sang arrière tenter malgré.,Atelier numérique,Oui,17/06/2024,Idao
589,204,Côté à gouvernement.,Atelier numérique,Oui,11/05/2024,Idao
590,195,Apparaître reposer vingt autant.,Atelier numérique,Oui,21/08/2023,Idao
591,56,Nu social raconter jeter coeur par travail.,Démarche administrative,Non,18/10/2022,Idao
592,219,Rouge nombre vêtement quel naturellement docteur couvrir assez.,Atelier numérique,Non,09/04/2023,Idao
593,123,Paysan ventre réflexion présent aucun écrire.,Démarche administrative,Non,17/12/2022,Idao
594,245,Colère situation non but fortune.,Atelier numérique,Non,06/04/2024,Idao
595,36,Souvenir quinze hors lourd corps renoncer vieux ferme.,Démarche administrative,Oui,25/03/2024,Idao
596,102,Ceci plaindre loi secours signer midi.,Démarche administrative,Oui,22/01/2024,Idao
597,206,Effet gens chez complet étranger content brusquement fer.,Atelier numérique,Oui,04/07/2023,Idao
598,87,Mieux perdu forêt ton remonter retenir.,Démarche administrative,Oui,03/10/2023,Idao
599,46,Appartenir comme livrer aventure.,Démarche administrative,Oui,21/08/2023,Idao
600,82,Roche promettre pouvoir cours bureau cou voile retomber.,Atelier numérique,Non,31/03/2023,Idao
601,2,Article déclarer toujours prétendre quatre prononcer enfin.,Atelier numérique,Oui,26/12/2022,Idao
602,221,Coûter un gauche promener obtenir roche.,Atelier numérique,Non,13/04/2023,Idao
603,5,De envoyer tout entrée histoire surveiller éprouver.,Démarche administrative,Oui,01/03/2024,Idao
604,139,Savoir abattre vue vite cinquante pays.,Démarche administrative,Non,02/11/2022,Idao
605,35,Coûter même ciel parti.,Atelier numérique,Oui,01/04/2023,Idao
606,242,Comment cuisine coin précieux.,Démarche administrative,Oui,29/11/2023,Idao
607,78,Monsieur étudier salle.,Atelier numérique,Non,21/02/2023,Idao
608,14,Rendre fenêtre été guerre place recevoir poste.,Atelier numérique,Non,17/08/2024,Idao
609,110,Précieux île hasard contre objet expérience colère.,Démarche administrative,Non,17/10/2022,Idao
610,249,Travers oeil rouge devoir étranger.,Atelier numérique,Oui,07/08/2024,Idao
611,197,Peu joindre poids sable naturel jaune.,Atelier numérique,Non,01/07/2024,Idao
612,72,Grand très vite quelque exécuter.,Démarche administrative,Oui,2023-06-28,Idao
613,66,Foi armer professeur tel courir.,Atelier numérique,Oui,02/03/2023,Idao
614,232,Yeux durer second appeler exprimer solitude travers.,Atelier numérique,Oui,21/06/2024,Idao
615,5,Diriger autre peur recherche apparence toucher.,Atelier numérique,Oui,13/07/2024,Idao
616,238,Même faible arme ensuite.,Atelier numérique,Non,25/07/2023,Idao
617,61,Puis ici palais chanter déjà parmi vêtir.,Démarche administrative,Non,04/01/2024,Idao
618,64,Présent porte occuper blond.,Atelier numérique,Oui,05/03/2023,Idao
619,108,Exécuter courir agent année port.,Atelier numérique,Oui,27/07/2023,Idao
620,241,Parce Que pied terreur autrefois sous surprendre sens.,Démarche administrative,Oui,16/11/2022,Idao
621,101,Pousser page rose accuser reculer scène remonter doucement.,Atelier numérique,Non,02/01/2024,Idao
622,75,Fille entrée rejoindre compter comme désert.,Démarche administrative,Non,12/04/2024,Idao
623,184,Souffrir remplir mince salut silence presser médecin.,Démarche administrative,Non,10/04/2023,Idao
624,69,Accepter sept ennemi désormais but soin.,Démarche administrative,Oui,06/06/2023,Idao
625,83,Songer selon apercevoir.,Atelier numérique,Non,02/08/2023,Idao
626,204,Mauvais prison mince exemple queue en.,Atelier numérique,Non,02/01/2023,Idao
627,201,Étranger occasion rire oiseau ville corps.,Démarche administrative,Non,10/07/2024,Idao
628,33,Parvenir obliger établir tracer.,Démarche administrative,Non,24/01/2024,Idao
629,103,Instinct dent terminer te chaise race.,Atelier numérique,Oui,24/11/2022,Idao
630,193,Fait briller vieux brûler retirer réveiller cri idée.,Démarche administrative,Non,26/11/2023,Idao
631,65,Moi curieux delà remplacer espace.,Démarche administrative,Non,23/04/2024,Idao
632,66,Faute étaler réalité absence.,Atelier numérique,Oui,05/03/2024,Idao
633,57,Sueur dessus cela croire.,Atelier numérique,Non,24/02/2023,Idao
634,179,Calme un après encore deux.,Atelier numérique,Oui,20/07/2024,Idao
635,62,De planche suivre neuf goût.,Démarche administrative,Oui,03/11/2022,Idao
636,152,Succès officier morceau peu souvenir violent vivant.,Atelier numérique,Oui,09/09/2024,Idao
637,44,Bas contenter installer tracer vol dresser maladie instinct.,Démarche administrative,Non,03/02/2023,Idao
638,67,Non aimer vite tout là quant à plein agir.,Démarche administrative,Oui,22/08/2024,Idao
639,125,Haute avance prêt quitter.,Atelier numérique,Non,20/03/2023,Idao
640,40,Ventre course projet système paupière promener.,Atelier numérique,Non,15/08/2023,Idao
641,122,Frère sérieux président cinq particulier.,Démarche administrative,Non,27/04/2024,Idao
642,235,Résoudre train seuil sombre prêter chair.,Démarche administrative,Non,06/04/2023,Idao
643,58,Interroger abri secret lendemain juger public.,Démarche administrative,Non,25/02/2024,Idao
644,210,Secret en étonner dent métier cause.,Démarche administrative,Non,01/03/2023,Idao
645,204,Vide convenir tempête là.,Atelier numérique,Non,21/11/2022,Idao
646,205,Si d'autres vous moyen trait.,Démarche administrative,Non,06/02/2024,Idao
647,208,Séparer madame eau puissant vendre.,Atelier numérique,Non,08/11/2023,Idao
648,74,Éloigner sec si mieux un règle chasse.,Atelier numérique,Non,24/06/2023,Idao
649,201,Avant poste satisfaire quelque être déclarer.,Atelier numérique,Oui,22/01/2024,Idao
650,143,Extraordinaire ajouter aussi mariage hauteur envie étroit.,Démarche administrative,Non,15/04/2024,Idao
651,129,Fête même image coup étranger musique.,Démarche administrative,Non,18/09/2024,Idao
652,237,Demain exister but lui approcher palais fou.,Atelier numérique,Oui,15/01/2023,Idao
653,61,Arrêter combien loi causer coucher.,Atelier numérique,Oui,18/07/2024,Idao
654,78,Coûter quitter montagne droit.,Démarche administrative,Oui,14/03/2023,Idao
655,145,Lui employer horizon mentir voie oui sauter.,Démarche administrative,Oui,25/07/2023,Idao
656,250,Son petit oreille seulement.,Démarche administrative,Oui,10/01/2024,Idao
657,178,Composer dire mot.,Démarche administrative,Non,24/08/2024,Idao
658,28,Visage soldat triste réponse bas.,Démarche administrative,Oui,11/07/2024,Idao
659,228,Cerveau président signifier.,Atelier numérique,Oui,18/07/2024,Idao
660,102,Beaux plusieurs fin produire docteur.,Démarche administrative,Oui,03/07/2023,Idao
661,222,Allumer vieux changement art perdre cesse beau.,Atelier numérique,Non,17/03/2023,Idao
662,205,Fou roi docteur calmer homme vite installer sentier.,Démarche administrative,Non,24/09/2024,Idao
663,197,Affirmer durer nombre proposer avenir personne.,Atelier numérique,Oui,10/06/2024,Idao
664,185,Sommet placer vieux douter.,Atelier numérique,Non,19/12/2023,Idao
665,106,Ensemble repas précieux hésiter coûter vieux.,Atelier numérique,Oui,12/10/2023,Idao
666,177,Plein public musique accuser chercher père oreille.,Démarche administrative,Oui,09/10/2023,Idao
667,118,Fenêtre usage mille goût détacher ventre depuis.,Démarche administrative,Non,17/10/2023,Idao
668,237,Attendre quant à masse penser dix rire importance.,Atelier numérique,Oui,17/03/2024,Idao
669,23,Qualité considérer sien apparence inspirer quelqu'un réclamer.,Atelier numérique,Oui,19/05/2023,Idao
670,33,Vite lentement cri petit.,Démarche administrative,Oui,04/05/2024,Idao
671,144,Ruine large papier voisin refuser avoir.,Atelier numérique,Non,25/10/2023,Idao
672,63,Etc moitié mode digne manger circonstance toujours mal.,Démarche administrative,Non,31/01/2023,Idao
673,79,Présenter paraître prouver joindre.,Atelier numérique,Oui,04/10/2023,Idao
674,247,Deviner entre où accomplir vrai debout.,Démarche administrative,Non,25/01/2024,Idao
675,188,Relation instinct vieil parvenir lieu.,Atelier numérique,Non,08/03/2023,Idao
676,34,Troisième accrocher un.,Atelier numérique,Oui,04/08/2024,Idao
677,193,Admettre inquiétude répondre détail.,Atelier numérique,Oui,01/04/2023,Idao
678,202,Avouer profondément commencer oiseau mort.,Atelier numérique,Oui,15/12/2022,Idao
679,23,Cabinet gris étouffer table figurer certainement pièce chercher.,Atelier numérique,Oui,07/03/2024,Idao
680,207,Religion notre défendre oreille premier après moi partout.,Atelier numérique,Oui,17/12/2022,Idao
681,232,Te lettre train près faible tourner point demain.,Démarche administrative,Oui,06/06/2024,Idao
682,45,Oncle militaire arrêter or nord.,Atelier numérique,Non,06/02/2024,Idao
683,121,Ensemble folie simplement branche.,Atelier numérique,Non,01/01/2024,Idao
684,104,Froid partout quelqu'un tourner.,Démarche administrative,Oui,31/08/2023,Idao
685,133,Peu âme autant coûter.,Démarche administrative,Oui,29/12/2022,Idao
686,183,Attacher auquel colline réduire miser falloir.,Atelier numérique,Oui,06/06/2023,Idao
687,113,Vérité neuf genou noir après.,Démarche administrative,Oui,01/10/2023,Idao
688,113,Importer seuil soi.,Atelier numérique,Oui,17/06/2024,Idao
689,91,Campagne peuple roche.,Démarche administrative,Oui,28/05/2024,Idao
690,14,Mari ce promettre causer tantôt vent peu.,Démarche administrative,Oui,03/06/2023,Idao
691,13,Courir art cou ventre ci chef.,Atelier numérique,Oui,16/07/2023,Idao
692,96,Mode plus million cruel portier répandre dos.,Démarche administrative,Oui,04/12/2022,Idao
693,169,Promettre lequel maintenir paysage tour jardin vêtir.,Atelier numérique,Non,06/07/2023,Idao
694,155,Profond souvenir visite même avenir.,Atelier numérique,Oui,26/06/2024,Idao
695,41,Point contraire unique conduire pourquoi consulter terrain.,Atelier numérique,Oui,30/12/2022,Idao
696,173,Circonstance soldat vraiment impression penser naturellement fin.,Atelier numérique,Oui,24/09/2023,Idao
697,51,Céder jeunesse ventre problème ajouter.,Démarche administrative,Non,08/11/2023,Idao
698,233,D'Autres joie immense sombre sujet mieux cerveau.,Démarche administrative,Oui,09/07/2024,Idao
699,4,Rôle ramener parfois droite froid haine.,Démarche administrative,Non,21/01/2023,Idao
700,203,Pitié souvenir tandis que partout petit nul.,Démarche administrative,Oui,21/03/2024,Idao
701,171,Grâce minute chose mur manger.,Atelier numérique,Non,02/10/2024,Idao
702,52,Bras queue entraîner présenter en chaise inviter.,Démarche administrative,Non,24/02/2023,Idao
703,9,Demeurer rouler doucement puissant forcer fenêtre d'abord.,Démarche administrative,Non,06/11/2023,Idao
704,120,Examiner honte beauté approcher.,Démarche administrative,Oui,17/04/2024,Idao
705,173,Placer en bout arriver tout général.,Démarche administrative,Oui,22/12/2022,Idao
706,101,Crier sept un eaux.,Atelier numérique,Non,10/03/2023,Idao
707,5,Dès religion abattre un.,Démarche administrative,Oui,19/12/2023,Idao
708,178,Raconter animal courage docteur jamais on mari.,Démarche administrative,Non,04/06/2023,Idao
709,54,Envie joindre matière construire votre.,Démarche administrative,Non,16/12/2023,Idao
710,236,Image remercier médecin charge endroit plein vieillard.,Démarche administrative,Non,08/07/2024,Idao
711,61,Désert éprouver vers.,Atelier numérique,Non,29/06/2024,Idao
712,217,Vol oublier très pouvoir sens coûter habitant.,Démarche administrative,Oui,29/12/2022,Idao
713,217,Enfoncer bouche vérité cesser classe.,Atelier numérique,Oui,12/06/2023,Idao
714,39,Ressembler pièce admettre mauvais.,Démarche administrative,Non,02/08/2023,Idao
715,76,Partager observer soir convenir.,Atelier numérique,Non,16/03/2024,Idao
716,236,Bon interroger arrêter dimanche pour déposer tranquille.,Démarche administrative,Oui,23/07/2023,Idao
717,29,Mode plan humide fixe cela travers trop.,Démarche administrative,Oui,07/02/2023,Idao
718,162,Peuple rapporter proposer.,Atelier numérique,Non,06/03/2023,Idao
719,147,Miser quinze réduire quinze lentement aspect histoire.,Démarche administrative,Oui,01/12/2023,Idao
720,200,Chaise défendre gouvernement espoir partir.,Atelier numérique,Oui,28/06/2023,Idao
721,183,Appartenir y autre tendre atteindre.,Atelier numérique,Oui,16/11/2023,Idao
722,64,Fer tranquille chambre midi trésor accrocher.,Atelier numérique,Non,27/12/2023,Idao
723,102,Silence ceci ignorer noir gagner rouler savoir arrêter.,Démarche administrative,Non,04/01/2023,Idao
724,170,Désigner table garde toile sembler bas mal.,Atelier numérique,Non,13/11/2023,Idao
725,236,Appartenir soumettre âgé métier juste marier.,Démarche administrative,Oui,26/05/2023,Idao
726,205,Longtemps voile corps donc sens.,Atelier numérique,Oui,16/10/2023,Idao
727,163,Air événement parmi un échapper.,Atelier numérique,Oui,11/04/2024,Idao
728,219,Bord sortir avoir réfléchir maintenir deviner croix.,Démarche administrative,Oui,29/10/2022,Idao
729,118,Pluie juge depuis couleur votre mal.,Atelier numérique,Non,07/03/2023,Idao
730,77,Terrible engager éternel impression certain.,Démarche administrative,Non,08/10/2024,Idao
731,137,Tracer tel corde content siècle grandir renoncer.,Atelier numérique,Non,26/06/2024,Idao
732,38,Couler soit marchand existence seulement.,Démarche administrative,Non,05/03/2024,Idao
733,149,Tenter asseoir silencieux avant avant.,Atelier numérique,Oui,18/01/2023,Idao
734,215,Lettre cerveau tirer faim inviter.,Démarche administrative,Non,12/05/2023,Idao
735,195,Lueur certes général chez non sourire.,Atelier numérique,Non,04/09/2024,Idao
736,38,Davantage falloir jambe ouvrage.,Atelier numérique,Non,26/01/2024,Idao
737,84,Sortir traîner composer il village.,Démarche administrative,Oui,27/02/2024,Idao
738,217,Casser bas fois.,Démarche administrative,Oui,01/08/2024,Idao
739,184,Monsieur maintenir malheur là grand donner nez vingt.,Atelier numérique,Non,05/03/2023,Idao
740,79,Tâche puissance de ouvert fort.,Démarche administrative,Non,15/03/2024,Idao
741,1,Hasard voir gauche père rêve ennemi l'un.,Démarche administrative,Non,24/03/2023,Idao
742,250,Mois danger finir.,Atelier numérique,Non,28/04/2024,Idao
743,175,Dominer simplement impossible chat article.,Atelier numérique,Non,01/12/2022,Idao
744,157,Coeur mettre main puis puis égal.,Atelier numérique,Non,08/08/2024,Idao
745,48,Vêtement guerre as vision sac mêler.,Atelier numérique,Oui,01/03/2023,Idao
746,174,Empire dont branche profond cour.,Atelier numérique,Oui,07/12/2023,Idao
747,38,Fil immense essuyer âge tapis.,Démarche administrative,Oui,25/02/2024,Idao
748,148,Éprouver poitrine morceau vers poste salle.,Démarche administrative,Oui,17/01/2024,Idao
749,13,Tout trouver paraître remplir.,Atelier numérique,Non,13/11/2022,Idao
750,135,Connaître quarante remarquer arme.,Atelier numérique,Oui,30/04/2024,Idao
751,138,Jeu rentrer cinquante.,Atelier numérique,Oui,18/08/2024,Idao
752,74,Désormais secret nu imaginer baisser lors.,Atelier numérique,Oui,31/07/2023,Idao
753,49,Masse découvrir mot anglais éloigner confondre fer.,Démarche administrative,Non,03/08/2023,Idao
754,81,Oui présenter danser tantôt.,Démarche administrative,Non,04/02/2024,Idao
755,196,Éclat école charger aussi près.,Démarche administrative,Non,24/02/2023,Idao
756,220,Hier interrompre embrasser maladie environ élever car.,Atelier numérique,Oui,04/05/2024,Idao
757,226,Fidèle heure depuis.,Atelier numérique,Non,23/07/2024,Idao
758,195,Posséder militaire fils soutenir.,Atelier numérique,Non,22/06/2024,Idao
759,188,Blanc prévoir juger.,Atelier numérique,Oui,19/08/2024,Idao
760,226,Inquiétude comment rapporter pendre voile tranquille.,Atelier numérique,Non,06/08/2023,Idao
761,134,Système dresser homme.,Atelier numérique,Non,24/07/2024,Idao
762,175,Résister bonheur joie nourrir distance retourner.,Démarche administrative,Oui,23/04/2024,Idao
763,87,Désespoir etc étudier tout appeler prière.,Démarche administrative,Non,25/08/2024,Idao
764,168,Bras intérieur ni note.,Démarche administrative,Non,24/02/2024,Idao
765,132,Réunir pénétrer pur diriger empêcher anglais.,Atelier numérique,Non,17/02/2024,Idao
766,45,Coucher enfin avant secret réunir certes.,Démarche administrative,Oui,02/08/2023,Idao
767,96,Présence prévoir siège.,Atelier numérique,Non,23/12/2022,Idao
768,105,Calme plein soir coeur.,Démarche administrative,Oui,15/08/2024,Idao
769,75,Me visible le remplacer mal exister.,Démarche administrative,Non,08/06/2023,Idao
770,80,Nation accrocher soirée détacher confier.,Atelier numérique,Oui,28/02/2023,Idao
771,6,Année public désigner crainte pendant.,Atelier numérique,Non,03/11/2022,Idao
772,156,Étaler terme prendre or point rencontrer ouvert.,Démarche administrative,Non,29/12/2022,Idao
773,21,Sueur jour ancien escalier saluer coûter.,Atelier numérique,Non,14/06/2023,Idao
774,173,Court main quartier.,Démarche administrative,Non,18/03/2023,Idao
775,140,Plus soutenir absolument amener aller papa as.,Atelier numérique,Oui,14/02/2024,Idao
776,126,Compter chaleur état.,Démarche administrative,Oui,27/12/2022,Idao
777,232,Avenir condamner avance traîner travers désormais conversation recueillir.,Démarche administrative,Non,08/11/2022,Idao
778,105,Mesure jusque dame vent instant absence appartenir connaître.,Démarche administrative,Oui,23/03/2024,Idao
779,48,Calme mettre porter hauteur emporter.,Atelier numérique,Oui,03/03/2024,Idao
780,170,Nommer jaune ressembler non.,Démarche administrative,Oui,12/03/2023,Idao
781,80,Beauté marchand conscience.,Atelier numérique,Non,05/04/2023,Idao
782,43,Détacher pouvoir considérer exposer puissant lourd mourir.,Démarche administrative,Oui,03/06/2023,Idao
783,194,Vieux recevoir combien souffler ah secret arbre.,Démarche administrative,Non,20/09/2023,Idao
784,225,Rêver froid miser muet hauteur vue.,Atelier numérique,Oui,21/10/2023,Idao
785,83,Agiter jouer intelligence souffrance haut coup beauté.,Démarche administrative,Oui,15/02/2024,Idao
786,115,Musique durer nord.,Démarche administrative,Non,02/03/2024,Idao
787,201,Cheval cas importance chemise d'autres jeune rompre.,Atelier numérique,Oui,10/12/2022,Idao
788,136,Compagnon mieux matin en intérieur.,Atelier numérique,Non,05/01/2023,Idao
789,162,Vieillard vieux garçon prêter somme visite.,Démarche administrative,Oui,09/11/2023,Idao
790,10,Tête hôtel cependant.,Démarche administrative,Non,21/12/2022,Idao
791,162,Capable dessiner mesure vieux certain caractère.,Atelier numérique,Non,06/09/2024,Idao
792,77,Éteindre longtemps composer.,Atelier numérique,Non,18/05/2024,Idao
793,181,Endormir commencement cercle article joie long air en.,Démarche administrative,Oui,26/02/2023,Idao
794,42,Beau court d'abord dieu vouloir angoisse.,Démarche administrative,Non,02/09/2024,Idao
795,42,Après pleurer drôle après âme descendre.,Démarche administrative,Non,18/01/2024,Idao
796,172,Propre nature exprimer rapide lien printemps douceur.,Atelier numérique,Non,10/05/2023,Idao
797,198,Disparaître dire chemin produire source espoir coûter.,Démarche administrative,Non,18/03/2023,Idao
798,194,Connaître santé à nombreux.,Atelier numérique,Oui,03/05/2024,Idao
799,40,Déjà oser extraordinaire tant finir.,Atelier numérique,Oui,23/04/2024,Idao
800,5,Traiter jamais mourir soit différent.,Démarche administrative,Non,02/08/2024,Idao
801,167,Ouvrage cercle animal subir lors colère.,Atelier numérique,Non,01/03/2024,Idao
802,28,Terminer embrasser alors papier remplacer léger jeune.,Démarche administrative,Oui,26/06/2023,Idao
803,122,Accomplir devenir huit abri possible.,Démarche administrative,Oui,02/10/2024,Idao
804,143,Donner mentir connaître.,Atelier numérique,Oui,22/01/2024,Idao
805,179,Page d'abord taire retourner parti commander chute.,Atelier numérique,Oui,30/05/2023,Idao
806,20,Vêtir seuil avance elle neuf objet.,Atelier numérique,Non,26/04/2024,Idao
807,183,Vivre monter puis convenir alors réclamer.,Démarche administrative,Non,23/12/2022,Idao
808,132,Rose public nommer chambre nul aujourd'hui paysage.,Démarche administrative,Oui,27/12/2022,Idao
809,188,Sourd tache an crier.,Atelier numérique,Non,12/08/2023,Idao
810,51,Envie affirmer réserver genre nouveau poser.,Atelier numérique,Oui,21/10/2022,Idao
811,120,Fidèle tombe boire creuser douleur.,Démarche administrative,Oui,19/02/2023,Idao
812,175,Emmener court semaine pluie intérieur.,Atelier numérique,Non,26/01/2024,Idao
813,221,Fait terme ministre pain.,Démarche administrative,Oui,29/04/2023,Idao
814,96,Obéir protéger billet attendre malade car.,Atelier numérique,Oui,10/01/2023,Idao
815,138,Appartement vingt vieillard égal.,Démarche administrative,Non,23/12/2022,Idao
816,147,Politique former possible obliger prêter.,Atelier numérique,Non,21/12/2023,Idao
817,47,Double complètement savoir deviner quartier se problème.,Démarche administrative,Oui,03/07/2023,Idao
818,81,Bleu grâce manquer tout souvenir complet.,Atelier numérique,Non,25/07/2023,Idao
819,80,Écarter ensemble jambe regarder.,Démarche administrative,Non,26/12/2022,Idao
820,188,Grave papa soir.,Atelier numérique,Non,21/01/2023,Idao
821,183,Signer pourtant inconnu cou accord soin.,Atelier numérique,Non,07/01/2023,Idao
822,68,Examiner dix meilleur surveiller céder bois bien tel.,Démarche administrative,Non,06/01/2023,Idao
823,105,Printemps seuil joindre grand beau magnifique étranger.,Atelier numérique,Non,26/08/2024,Idao
824,46,Cerveau malheur carte nombreux d'autres peu accent rocher.,Atelier numérique,Oui,02/02/2024,Idao
825,204,Produire lit ici nul.,Atelier numérique,Non,09/12/2023,Idao
826,7,Rouge point donc que.,Démarche administrative,Non,31/12/2022,Idao
827,49,Regard tour fait.,Démarche administrative,Non,24/05/2023,Idao
828,27,Garder décider joindre glace ceci.,Démarche administrative,Non,19/05/2024,Idao
829,248,Peau matin acheter paraître contraire.,Atelier numérique,Non,06/09/2023,Idao
830,29,Frapper employer préparer fois donner.,Atelier numérique,Non,11/04/2023,Idao
831,233,Le quelqu'un yeux politique suivant juste preuve.,Atelier numérique,Non,11/09/2023,Idao
832,244,Changement désert étranger partout arriver paix comme.,Démarche administrative,Oui,14/06/2024,Idao
833,221,Silencieux tempête épaule bord cas menacer tout repousser.,Démarche administrative,Non,28/05/2024,Idao
834,55,Joindre comme vouloir guère chasser.,Atelier numérique,Non,04/02/2024,Idao
835,204,Profondément ombre événement demain trembler champ heureux.,Atelier numérique,Non,24/08/2023,Idao
836,60,Nouveau défendre officier ajouter admettre cependant toi.,Atelier numérique,Non,15/12/2023,Idao
837,125,Partout cheval cinquante douceur désert inventer.,Démarche administrative,Oui,27/05/2024,Idao
838,147,Même enfant verre traiter long.,Démarche administrative,Non,14/04/2024,Idao
839,235,Étouffer puissant appartenir écraser.,Atelier numérique,Oui,20/11/2023,Idao
840,72,Extraordinaire terrible couleur force.,Démarche administrative,Non,10/02/2023,Idao
841,224,Tourner second raconter couvrir auquel. mERCIE,Atelier numérique,Oui,2024-01-26,Idao
842,16,Chambre chair rire compter autre monter.,Atelier numérique,Oui,07/01/2024,Idao
843,29,Connaître depuis abandonner amour état théâtre.,Atelier numérique,Oui,24/04/2023,Idao
844,97,Taille maintenir approcher agent.,Atelier numérique,Non,18/01/2023,Idao
845,198,Aimer roche découvrir roche.,Atelier numérique,Oui,21/05/2024,Idao
846,33,Falloir décider quatre dur rouler seconde falloir élément.,Atelier numérique,Oui,27/09/2024,Idao
847,72,Dans drame inspirer vingt lueur prendre.,Atelier numérique,Non,11/01/2024,Idao
848,209,Environ secrétaire très poésie façon.,Démarche administrative,Non,20/05/2023,Idao
849,113,Entrer plaire avec tapis elle depuis.,Démarche administrative,Non,17/06/2024,Idao
850,124,Blanc choix derrière malheur exemple paquet système.,Démarche administrative,Non,28/04/2024,Idao
851,11,Page passage fidèle vert.,Démarche administrative,Non,14/02/2023,Idao
852,48,Comment ignorer ici passer public public effort humide.,Atelier numérique,Oui,06/03/2023,Idao
853,109,Quant À précis bord.,Démarche administrative,Oui,21/05/2024,Idao
854,216,Bas devoir attitude impression envie.,Atelier numérique,Oui,10/05/2023,Idao
855,165,Partie fait garde seuil.,Atelier numérique,Non,11/06/2023,Idao
856,152,Foule maintenir yeux sourire voisin simple plaire sol.,Atelier numérique,Oui,17/11/2022,Idao
857,226,Descendre emmener militaire rond dont depuis.,Atelier numérique,Oui,17/12/2023,Idao
858,54,Bois froid vague grave soit tombe.,Atelier numérique,Non,28/03/2024,Idao
859,245,Gloire libre puisque accomplir bois dormir.,Démarche administrative,Oui,07/10/2023,Idao
860,97,Selon sembler cerveau veille homme officier oeuvre.,Atelier numérique,Non,28/04/2024,Idao
861,54,Arme sang réserver jardin tout.,Atelier numérique,Non,28/09/2023,Idao
862,13,Tout voici forêt soi.,Atelier numérique,Non,02/12/2023,Idao
863,9,Matin paquet cheval million.,Démarche administrative,Oui,04/02/2024,Idao
864,104,Raison voler remercier exemple livre qui intérieur.,Démarche administrative,Non,17/01/2024,Idao
865,167,Personne entrée saint haut.,Atelier numérique,Oui,28/12/2022,Idao
866,126,Essuyer marché courant occuper passé.,Démarche administrative,Oui,01/05/2023,Idao
867,239,Quoi premier court promener admettre.,Démarche administrative,Oui,14/10/2023,Idao
868,243,Chant tranquille couche sable nuit.,Atelier numérique,Oui,18/04/2024,Idao
869,159,Eh rapide tu voyager nu.,Démarche administrative,Non,02/02/2023,Idao
870,216,Demeurer traîner chercher parmi réserver tomber.,Démarche administrative,Non,12/09/2023,Idao
871,137,Acheter tombe reprendre loi cause ligne pont.,Démarche administrative,Oui,18/11/2022,Idao
872,156,Année scène jeter pousser.,Atelier numérique,Non,26/05/2024,Idao
873,27,Charger vide triste accomplir mal charger chambre.,Atelier numérique,Non,28/12/2022,Idao
874,242,Eh banc neuf regarder âme.,Atelier numérique,Oui,02/01/2023,Idao
875,79,Défendre dame mode prouver élément contenter.,Atelier numérique,Non,29/07/2023,Idao
876,122,Nez noire apercevoir discours entretenir dessiner briller.,Atelier numérique,Non,10/07/2023,Idao
877,94,Âme reculer ah.,Démarche administrative,Oui,02/07/2024,Idao
878,126,Enfin cheveu prochain membre.,Démarche administrative,Oui,06/05/2024,Idao
879,26,Intérêt jeter révolution beau quarante marché rentrer état.,Démarche administrative,Oui,10/09/2023,Idao
880,179,Ancien police vieux encore magnifique commun allumer.,Démarche administrative,Non,27/04/2024,Idao
881,171,Puissant saint recevoir prière courant arriver lendemain.,Démarche administrative,Oui,21/10/2022,Idao
882,215,Sable français non sourire répandre éclairer si.,Atelier numérique,Oui,19/05/2024,Idao
883,212,Compagnon choix secrétaire trois.,Démarche administrative,Non,10/03/2024,Idao
884,211,Répéter permettre terrible croire sein.,Démarche administrative,Oui,03/09/2023,Idao
885,154,Éclairer effort désigner habiter cent haut art.,Démarche administrative,Non,26/08/2024,Idao
886,27,Machine pendre siège siège.,Démarche administrative,Non,14/10/2022,Idao
887,32,Fond soit glisser résultat souvenir demande.,Atelier numérique,Non,28/05/2024,Idao
888,199,Conseil étonner soutenir page foi besoin bureau.,Atelier numérique,Oui,12/10/2024,Idao
889,105,Respirer ouvrage droit plante.,Démarche administrative,Non,02/11/2022,Idao
890,84,Grâce joli attacher propos nombreux.,Atelier numérique,Oui,01/03/2023,Idao
891,104,Déclarer hiver rapporter problème état.,Atelier numérique,Non,26/06/2024,Idao
892,133,Entretenir chez effacer.,Démarche administrative,Non,07/10/2023,Idao
893,71,Six suite dormir cheveu manquer deviner gauche hors.,Atelier numérique,Non,02/05/2024,Idao
894,246,Même saint ouvrir anglais courant comprendre conscience.,Démarche administrative,Oui,05/02/2024,Idao
895,166,Champ oui dessiner spectacle près.,Démarche administrative,Oui,16/03/2024,Idao
896,15,Robe triste complet grâce.,Atelier numérique,Oui,10/08/2023,Idao
897,91,Lier effort arrivée exemple l'une pendant.,Atelier numérique,Oui,28/08/2023,Idao
898,199,Compter affirmer victime juste imposer refuser.,Démarche administrative,Oui,30/10/2023,Idao
899,37,Nez convenir agir fait aventure cent fond.,Démarche administrative,Oui,29/04/2024,Idao
900,188,Parole demain histoire façon pas mon.,Atelier numérique,Non,11/08/2023,Idao
901,250,Votre aller comprendre.,Démarche administrative,Non,01/06/2023,Idao
902,121,Delà prière geste mauvais envie.,Atelier numérique,Oui,22/07/2023,Idao
903,141,Victime reprendre diriger représenter.,Démarche administrative,Non,09/04/2023,Idao
904,228,Rester près musique faute ancien bas.,Démarche administrative,Oui,03/06/2024,Idao
905,1,Eaux franc ombre tout.,Démarche administrative,Non,06/12/2023,Idao
906,233,Cri résister frais détacher plein.,Démarche administrative,Non,31/05/2023,Idao
907,226,Lisser argent attendre traîner.,Atelier numérique,Oui,18/11/2023,Idao
908,78,Compagnon tranquille venir.,Démarche administrative,Non,20/04/2024,Idao
909,35,Mettre également l'une déchirer.,Démarche administrative,Non,24/04/2024,Idao
910,61,Marquer chaque marchand personne pourtant étranger saison.,Atelier numérique,Non,24/02/2023,Idao
911,116,Je étage retourner éclat rang.,Démarche administrative,Oui,19/01/2024,Idao
912,60,Droit appel abri te agent dos.,Démarche administrative,Non,14/09/2024,Idao
913,242,L'Un moitié satisfaire auprès.,Atelier numérique,Non,06/04/2024,Idao
914,180,Arrivée étaler joie corde absolu autre ajouter abandonner.,Démarche administrative,Oui,19/10/2022,Idao
915,242,Autour rejoindre suffire court condition frapper miser.,Atelier numérique,Non,12/08/2024,Idao
916,30,Cent comme habiller compter debout.,Démarche administrative,Oui,26/03/2024,Idao
917,41,Changement mieux dominer.,Atelier numérique,Non,17/12/2022,Idao
918,80,Frapper avenir gouvernement.,Atelier numérique,Oui,09/02/2024,Idao
919,46,Tirer toi emmener.,Démarche administrative,Oui,21/01/2023,Idao
920,51,Abattre pourquoi désert rompre trésor.,Atelier numérique,Oui,19/10/2022,Idao
921,226,Détruire pareil abattre.,Atelier numérique,Non,01/08/2023,Idao
922,29,Titre prononcer huit parole poésie.,Démarche administrative,Non,03/05/2024,Idao
923,185,Compagnon fonder dont chat vieillard rapport.,Atelier numérique,Non,11/01/2024,Idao
924,65,Haute commencement mort obliger quelqu'un.,Démarche administrative,Non,18/01/2023,Idao
925,165,Sens énorme puis tirer glisser préparer.,Atelier numérique,Oui,29/05/2023,Idao
926,225,Mot fonder ville jamais bande projet aller.,Atelier numérique,Oui,26/07/2024,Idao
927,140,Cou mener force corde combat.,Atelier numérique,Oui,23/09/2023,Idao
928,93,Oeil gloire tenter elle empêcher renverser.,Démarche administrative,Non,03/12/2023,Idao
929,56,Charger encore danger coin animal chaleur terme sable.,Démarche administrative,Non,25/01/2023,Idao
930,201,Souhaiter oser expérience si hiver acte.,Atelier numérique,Oui,18/06/2024,Idao
931,106,Nouveau lettre doucement hésiter nuit tout.,Atelier numérique,Non,27/11/2022,Idao
932,145,Lequel battre sentir lueur douter choisir.,Atelier numérique,Oui,16/05/2023,Idao
933,92,Fenêtre plutôt mon prochain danger madame attacher.,Atelier numérique,Oui,09/11/2023,Idao
934,14,Vieux côté dépasser événement succès dans.,Démarche administrative,Non,12/05/2023,Idao
935,95,Pénétrer habiller vieillard page.,Atelier numérique,Non,07/11/2023,Idao
936,122,Vaincre joindre manier d'autres calme passé.,Démarche administrative,Oui,01/08/2023,Idao
937,37,Maître français faveur bois.,Démarche administrative,Oui,17/05/2024,Idao
938,14,Reposer agir retrouver fer sombre politique disposer.,Démarche administrative,Oui,26/03/2024,Idao
939,130,Officier remercier joli sueur retenir lumière système.,Atelier numérique,Non,14/03/2023,Idao
940,182,Suite joie ennemi miser calme vol compagnie.,Démarche administrative,Non,27/06/2024,Idao
941,214,Consulter figure huit mauvais.,Démarche administrative,Non,03/11/2023,Idao
942,129,Cesser placer éclat blanc gauche pourquoi vite.,Atelier numérique,Non,05/11/2023,Idao
943,87,Prier passer recommencer moindre frère placer extraordinaire.,Démarche administrative,Oui,21/05/2024,Idao
944,157,Pays liberté figure repousser delà maintenir.,Atelier numérique,Oui,20/06/2023,Idao
945,70,Espace poste ouvrir appeler fatiguer rideau.,Démarche administrative,Non,15/03/2024,Idao
946,170,Facile humain malheur fumée.,Atelier numérique,Non,08/10/2024,Idao
947,178,Vaste déclarer appartement pays ombre nez pièce.,Atelier numérique,Non,21/04/2024,Idao
948,137,User lourd village vague terreur payer.,Atelier numérique,Non,09/03/2024,Idao
949,164,Puisque anglais semblable naître aucun.,Démarche administrative,Oui,08/03/2023,Idao
950,136,Papier couler caresser bois couper.,Démarche administrative,Oui,05/05/2023,Idao
951,96,Vêtement surveiller repas point pluie douze malade sourire.,Atelier numérique,Non,17/08/2024,Idao
952,59,Herbe tout cou cent pencher enfoncer loup.,Atelier numérique,Non,23/05/2023,Idao
953,96,Appel maintenir fou dimanche prévoir oeil faux.,Atelier numérique,Non,21/01/2024,Idao
954,224,Vif genre ci dernier.,Atelier numérique,Oui,14/10/2022,Idao
955,172,Rassurer groupe françois doigt spectacle cou.,Démarche administrative,Non,01/04/2023,Idao
956,40,Bas entrée douze où garçon crier.,Démarche administrative,Oui,03/06/2024,Idao
957,207,Frais menacer roman corde préférer cas sens souvenir.,Atelier numérique,Oui,24/12/2023,Idao
958,61,Terre espérer vouloir patron entrer souvent.,Atelier numérique,Oui,14/02/2023,Idao
959,113,Prétendre dieu menacer parole phrase honneur aile.,Démarche administrative,Non,12/11/2022,Idao
960,158,Consulter froid nouveau inutile.,Atelier numérique,Non,10/12/2023,Idao
961,58,Pareil permettre hasard auprès situation premier.,Atelier numérique,Non,23/06/2023,Idao
962,55,Sombre maison terre respecter éclairer écraser.,Démarche administrative,Oui,08/07/2023,Idao
963,240,Importance gouvernement penser social.,Atelier numérique,Oui,17/09/2023,Idao
964,156,Bataille port taire demain.,Démarche administrative,Non,05/04/2023,Idao
965,163,Mort nous suivre sonner obtenir monter pensée voisin.,Démarche administrative,Non,28/11/2022,Idao
966,151,Inquiéter aussitôt gagner lit émotion sortir.,Atelier numérique,Oui,14/07/2023,Idao
967,8,Type mesure bon simplement.,Démarche administrative,Non,25/11/2022,Idao
968,215,Quatre soir te haïr.,Atelier numérique,Non,01/08/2024,Idao
969,60,Tandis Que malgré menacer fond foule contenir.,Démarche administrative,Oui,15/03/2024,Idao
970,247,Armer homme sommet alors aimer honte pensée.,Démarche administrative,Oui,31/08/2024,Idao
971,81,Visible petit assister dire science.,Atelier numérique,Non,10/10/2023,Idao
972,239,Pointe face saint cacher certain mentir que figurer.,Démarche administrative,Non,28/12/2023,Idao
973,156,Saisir politique plein y erreur clair lèvre.,Atelier numérique,Non,12/04/2023,Idao
974,141,Côte former éviter appel situation voilà.,Atelier numérique,Non,26/06/2023,Idao
975,172,Sorte grâce magnifique air.,Atelier numérique,Oui,04/04/2024,Idao
976,127,Écarter coeur condamner goutte intérieur rang.,Démarche administrative,Non,04/12/2022,Idao
977,152,Verre condamner proposer père tirer remercier.,Atelier numérique,Oui,16/02/2023,Idao
978,33,Commun or cher parti revenir de.,Démarche administrative,Oui,09/12/2022,Idao
979,19,Anglais maison élément habitant société.,Démarche administrative,Oui,07/04/2023,Idao
980,185,Courir accomplir durant haine.,Atelier numérique,Oui,07/04/2023,Idao
981,183,Offrir ancien lit juste jusque réalité puis.,Atelier numérique,Non,02/02/2023,Idao
982,100,Fier chat jardin moment remarquer ouvrir ici.,Démarche administrative,Non,07/02/2024,Idao
983,205,Suffire avant vous vingt souffrance glace.,Démarche administrative,Non,25/09/2024,Idao
984,209,Maison capable fort flamme consulter combien l'un.,Atelier numérique,Non,16/08/2024,Idao
985,68,Gris mieux que désespoir vraiment front.,Démarche administrative,Oui,21/08/2023,Idao
986,185,Humide auprès noir souvenir monsieur soudain.,Démarche administrative,Non,06/07/2023,Idao
987,212,Part paupière escalier naturel poids profiter saisir.,Démarche administrative,Non,22/03/2024,Idao
988,58,Rouge poussière lutte.,Démarche administrative,Oui,22/11/2023,Idao
989,124,Ligne garder lit temps.,Démarche administrative,Non,28/07/2024,Idao
990,165,Aujourd'Hui idée souvent derrière longtemps.,Démarche administrative,Non,03/04/2024,Idao
991,247,Situation à très conclure.,Démarche administrative,Non,19/05/2023,Idao
992,89,Quoi an patron fine dos famille.,Démarche administrative,Non,29/08/2023,Idao
993,242,Refuser bas animal lit étudier oncle refuser.,Démarche administrative,Non,01/10/2024,Idao
994,37,Rare grain consentir froid fier deviner disposer juge.,Démarche administrative,Oui,11/02/2023,Idao
995,18,Coucher mon parvenir cruel.,Atelier numérique,Oui,09/09/2023,Idao
996,166,Escalier plante fonder complet officier contraire.,Démarche administrative,Non,02/10/2023,Idao
997,51,Animer se quel saison présenter pas.,Atelier numérique,Oui,14/08/2023,Idao
998,14,Anglais trois envelopper qualité six regretter somme état.,Atelier numérique,Non,30/07/2023,Idao
999,36,Mari officier froid gagner dire nerveux naturel corde.,Atelier numérique,Oui,08/05/2023,Idao
1000,70,Roi plan aucun pourquoi absolu.,Atelier numérique,Oui,09/09/2023,Idao
1001,229,Test 01,Démarche administrative,Non,2024-10-15,Idao
1002,42,cOOL,Démarche administrative,Non,2024-10-15,Idao
